age,priors_count,sex,race,true_class,predicted_class,errors
29,11,Female,Caucasian,1,1,0
48,5,Male,African-American,1,0,1
52,7,Male,African-American,1,0,1
32,0,Male,Other,0,0,0
30,3,Female,Caucasian,0,1,1
29,0,Female,African-American,0,0,0
46,26,Male,Caucasian,1,1,0
30,15,Male,African-American,1,1,0
32,4,Female,African-American,1,1,0
28,0,Female,African-American,0,0,0
30,0,Male,African-American,0,0,0
24,2,Female,African-American,0,0,0
21,1,Male,Caucasian,0,0,0
33,14,Male,African-American,0,1,1
49,2,Female,Caucasian,0,0,0
35,1,Female,Caucasian,0,0,0
26,1,Male,Caucasian,0,1,1
47,1,Male,Caucasian,1,1,0
49,4,Male,Caucasian,0,1,1
32,0,Male,Other,0,0,0
23,5,Male,African-American,1,1,0
21,1,Male,African-American,0,1,1
26,4,Male,African-American,1,0,1
22,1,Male,African-American,1,1,0
22,0,Female,Caucasian,0,0,0
20,0,Male,Other,1,0,1
29,3,Male,African-American,0,1,1
30,2,Male,African-American,1,0,1
33,0,Male,African-American,1,0,1
37,11,Male,Other,0,1,1
50,12,Female,African-American,1,0,1
23,0,Male,Caucasian,0,0,0
20,0,Female,Caucasian,0,0,0
52,0,Male,African-American,1,1,0
39,13,Male,African-American,1,1,0
71,1,Male,Caucasian,0,0,0
43,3,Male,Other,0,0,0
43,2,Female,African-American,0,0,0
42,5,Female,Caucasian,1,1,0
44,1,Male,Caucasian,0,1,1
40,0,Male,Asian,0,0,0
37,2,Male,Hispanic,0,1,1
31,3,Male,Caucasian,1,1,0
37,0,Female,Other,0,0,0
34,10,Female,Caucasian,1,1,0
35,0,Male,African-American,0,0,0
29,1,Male,African-American,1,0,1
57,0,Male,Caucasian,0,0,0
39,1,Male,African-American,0,1,1
35,0,Male,Hispanic,0,0,0
20,0,Female,African-American,1,0,1
20,0,Male,African-American,0,0,0
29,0,Male,Hispanic,0,0,0
55,2,Male,Hispanic,0,0,0
65,1,Female,Caucasian,0,0,0
32,2,Male,African-American,0,1,1
34,1,Female,Caucasian,0,1,1
54,2,Male,Hispanic,0,0,0
23,2,Male,Caucasian,1,1,0
21,1,Male,African-American,0,0,0
42,7,Male,African-American,0,1,1
38,0,Male,African-American,0,1,1
35,1,Male,African-American,0,0,0
29,10,Male,Caucasian,1,1,0
21,0,Female,African-American,1,0,1
39,0,Female,African-American,1,1,0
33,2,Female,African-American,1,0,1
46,2,Male,Caucasian,1,1,0
23,2,Male,African-American,0,1,1
29,2,Male,Caucasian,0,1,1
32,2,Male,Caucasian,1,0,1
26,1,Male,African-American,1,0,1
44,0,Male,Caucasian,0,1,1
43,1,Male,Caucasian,0,0,0
55,1,Female,African-American,0,0,0
37,2,Male,Caucasian,0,1,1
53,8,Male,Caucasian,1,0,1
24,1,Male,African-American,0,0,0
31,0,Male,Hispanic,0,0,0
30,7,Male,African-American,0,0,0
51,3,Male,Caucasian,0,0,0
22,0,Male,African-American,1,1,0
39,0,Female,Other,0,0,0
42,0,Male,Caucasian,0,0,0
27,0,Male,African-American,0,0,0
23,0,Male,African-American,1,1,0
67,4,Male,African-American,0,0,0
61,0,Male,Other,0,0,0
22,0,Male,African-American,1,0,1
30,0,Female,African-American,0,0,0
67,0,Male,Hispanic,1,0,1
29,2,Male,African-American,1,0,1
33,5,Male,Caucasian,1,1,0
25,4,Male,Caucasian,0,1,1
63,23,Male,Other,1,1,0
21,0,Male,African-American,1,0,1
33,0,Female,African-American,0,1,1
23,0,Male,Caucasian,1,0,1
47,5,Male,Other,1,0,1
33,2,Male,African-American,1,0,1
24,0,Male,African-American,1,0,1
31,2,Female,Hispanic,1,0,1
25,3,Male,Hispanic,1,1,0
33,11,Male,African-American,1,1,0
65,0,Female,Caucasian,0,0,0
29,7,Male,African-American,0,1,1
40,4,Female,Hispanic,1,1,0
36,0,Male,African-American,1,0,1
21,0,Male,African-American,1,1,0
38,0,Male,African-American,1,1,0
39,5,Male,Caucasian,0,0,0
47,2,Male,Caucasian,0,0,0
63,1,Female,Hispanic,0,0,0
22,2,Male,Caucasian,1,1,0
29,2,Female,Other,1,1,0
28,6,Male,African-American,1,0,1
32,12,Male,African-American,1,1,0
28,5,Male,African-American,1,1,0
21,0,Male,Hispanic,0,1,1
49,13,Male,African-American,0,1,1
41,19,Male,African-American,1,0,1
63,22,Male,African-American,1,0,1
59,1,Male,Other,0,0,0
30,4,Male,African-American,0,1,1
59,0,Male,Caucasian,0,0,0
53,6,Female,Caucasian,1,0,1
21,2,Male,Caucasian,1,1,0
38,0,Male,Other,0,0,0
32,0,Male,African-American,0,0,0
56,13,Male,Caucasian,0,1,1
22,2,Male,African-American,1,1,0
21,0,Male,Caucasian,1,0,1
29,2,Male,Caucasian,1,1,0
35,2,Male,African-American,0,0,0
33,4,Male,Caucasian,0,0,0
44,5,Male,Caucasian,0,0,0
21,0,Male,Caucasian,0,1,1
21,2,Male,African-American,1,1,0
20,1,Female,Caucasian,1,1,0
46,4,Male,African-American,0,0,0
43,2,Male,Caucasian,0,0,0
44,0,Male,Caucasian,1,0,1
44,11,Female,African-American,1,0,1
40,0,Male,Caucasian,0,0,0
44,0,Male,African-American,0,0,0
20,1,Female,Other,0,0,0
29,4,Male,African-American,1,1,0
25,7,Male,Caucasian,1,1,0
44,0,Male,Hispanic,0,0,0
28,4,Male,African-American,0,1,1
24,0,Male,Caucasian,0,0,0
32,17,Male,African-American,1,1,0
22,2,Male,African-American,1,1,0
24,0,Male,African-American,1,1,0
25,1,Female,African-American,1,0,1
34,3,Male,Caucasian,1,0,1
24,0,Male,African-American,0,0,0
22,0,Male,African-American,0,1,1
33,8,Male,African-American,0,0,0
24,1,Female,African-American,0,1,1
46,11,Male,Caucasian,1,1,0
23,3,Male,Caucasian,1,1,0
53,36,Male,Caucasian,1,1,0
31,13,Male,African-American,1,1,0
60,1,Male,Other,1,0,1
67,8,Male,African-American,0,1,1
24,1,Male,African-American,0,0,0
28,8,Male,African-American,1,1,0
60,3,Male,African-American,0,0,0
32,2,Female,African-American,0,0,0
38,5,Male,African-American,0,0,0
28,0,Female,Hispanic,0,1,1
56,1,Female,Caucasian,0,1,1
59,0,Female,Caucasian,0,0,0
26,12,Male,African-American,1,1,0
33,0,Male,Other,0,0,0
44,2,Male,African-American,0,0,0
24,1,Female,African-American,1,1,0
27,2,Male,Caucasian,1,1,0
37,0,Male,African-American,1,0,1
34,1,Male,African-American,0,0,0
23,0,Male,African-American,0,0,0
34,0,Male,African-American,0,0,0
20,0,Female,African-American,0,0,0
24,3,Male,African-American,0,0,0
41,1,Male,African-American,0,0,0
31,7,Male,African-American,1,0,1
21,0,Male,Caucasian,1,1,0
32,1,Male,African-American,1,1,0
46,0,Male,Asian,0,0,0
53,6,Male,Caucasian,0,0,0
20,1,Male,African-American,1,1,0
29,7,Male,Caucasian,1,1,0
31,0,Female,African-American,0,0,0
20,0,Male,African-American,0,0,0
20,2,Male,African-American,1,1,0
25,0,Male,African-American,0,1,1
49,3,Male,Caucasian,0,0,0
50,11,Male,Hispanic,0,1,1
25,0,Male,Caucasian,1,0,1
20,4,Female,Caucasian,1,1,0
25,3,Male,African-American,0,1,1
38,3,Male,Caucasian,1,1,0
69,0,Male,Caucasian,0,0,0
56,2,Female,African-American,1,0,1
27,2,Male,Caucasian,0,1,1
46,0,Female,Caucasian,1,0,1
27,1,Male,African-American,0,1,1
22,0,Male,Native American,1,1,0
61,15,Male,African-American,1,1,0
22,3,Male,African-American,1,1,0
33,3,Male,Caucasian,1,0,1
41,0,Male,Caucasian,1,0,1
41,1,Male,African-American,0,1,1
25,9,Male,Caucasian,1,1,0
42,1,Male,Caucasian,0,1,1
24,2,Male,African-American,0,1,1
35,8,Male,African-American,0,1,1
20,0,Male,African-American,0,0,0
21,2,Male,African-American,1,1,0
32,1,Male,African-American,0,0,0
27,12,Male,African-American,1,0,1
36,13,Male,African-American,1,1,0
53,1,Male,Hispanic,1,0,1
49,2,Male,Hispanic,0,0,0
21,0,Male,Hispanic,0,1,1
38,0,Male,African-American,0,0,0
23,1,Male,African-American,0,0,0
29,7,Male,African-American,1,1,0
20,1,Male,African-American,1,1,0
19,1,Male,African-American,1,1,0
21,0,Male,African-American,0,0,0
30,3,Male,African-American,0,1,1
22,0,Male,Caucasian,0,0,0
31,9,Female,African-American,1,0,1
56,1,Male,Caucasian,0,0,0
21,1,Male,Caucasian,1,0,1
24,0,Male,Caucasian,1,0,1
36,13,Female,African-American,1,1,0
26,5,Male,African-American,1,1,0
29,0,Male,African-American,0,0,0
33,16,Male,African-American,1,1,0
30,2,Female,Caucasian,1,1,0
20,2,Male,Hispanic,1,1,0
29,1,Female,African-American,0,0,0
38,1,Male,Other,1,0,1
37,3,Male,Caucasian,0,1,1
39,2,Male,Caucasian,0,1,1
21,0,Male,African-American,0,0,0
55,0,Male,Caucasian,0,0,0
37,6,Male,Hispanic,1,0,1
39,2,Male,Caucasian,0,1,1
49,1,Male,Caucasian,0,1,1
29,10,Male,African-American,1,1,0
23,1,Male,African-American,1,1,0
22,2,Male,African-American,1,1,0
26,1,Male,African-American,1,1,0
32,9,Male,African-American,0,1,1
29,2,Male,African-American,0,0,0
46,5,Male,African-American,1,0,1
47,2,Male,Caucasian,0,0,0
21,0,Male,African-American,1,0,1
24,2,Male,Caucasian,0,0,0
43,6,Male,Caucasian,1,0,1
22,1,Male,Hispanic,1,0,1
43,0,Male,Caucasian,0,0,0
44,0,Male,African-American,1,0,1
59,14,Male,African-American,1,1,0
23,1,Male,African-American,0,0,0
28,0,Female,Caucasian,0,0,0
49,10,Male,Caucasian,1,0,1
24,12,Male,African-American,1,1,0
35,8,Male,African-American,0,1,1
36,10,Male,Caucasian,1,0,1
47,28,Female,Caucasian,1,1,0
25,3,Male,African-American,1,1,0
46,4,Female,African-American,0,0,0
43,0,Male,Caucasian,0,1,1
24,15,Male,African-American,1,1,0
38,2,Male,Caucasian,0,0,0
30,15,Male,African-American,1,1,0
39,13,Male,African-American,1,1,0
22,0,Male,African-American,1,0,1
36,9,Male,African-American,0,0,0
29,0,Female,Hispanic,0,0,0
51,0,Male,Hispanic,0,0,0
35,4,Male,African-American,1,0,1
59,1,Female,Caucasian,0,0,0
54,2,Male,Other,0,0,0
48,0,Male,Caucasian,0,0,0
33,3,Male,Caucasian,0,0,0
50,0,Male,African-American,0,0,0
30,1,Female,African-American,0,0,0
21,3,Female,Caucasian,1,1,0
30,4,Male,African-American,0,1,1
36,0,Male,Caucasian,0,0,0
55,0,Male,Hispanic,0,0,0
22,1,Male,African-American,0,1,1
42,0,Female,Caucasian,0,1,1
21,0,Male,Caucasian,0,1,1
21,0,Male,African-American,0,1,1
28,3,Female,African-American,1,0,1
29,0,Female,African-American,0,0,0
32,4,Male,African-American,1,1,0
23,1,Male,African-American,0,1,1
46,1,Male,Hispanic,0,0,0
28,1,Male,African-American,0,1,1
47,0,Male,Hispanic,0,0,0
31,6,Male,African-American,1,1,0
29,0,Male,Caucasian,0,0,0
46,3,Male,Asian,1,0,1
52,2,Female,African-American,1,0,1
26,5,Male,Caucasian,1,0,1
50,1,Male,Caucasian,0,0,0
33,7,Male,Caucasian,1,1,0
22,3,Male,Caucasian,1,1,0
25,3,Male,Other,1,0,1
24,0,Male,African-American,1,0,1
24,7,Male,African-American,1,1,0
24,0,Male,African-American,0,1,1
25,10,Male,Hispanic,1,1,0
27,8,Male,African-American,1,1,0
41,2,Female,African-American,1,0,1
24,2,Male,Caucasian,0,1,1
39,0,Female,Caucasian,0,0,0
39,8,Male,Caucasian,0,0,0
21,0,Male,Caucasian,0,1,1
32,5,Female,Caucasian,0,1,1
23,2,Male,African-American,0,1,1
45,15,Male,African-American,1,0,1
22,0,Female,African-American,1,0,1
39,0,Male,Hispanic,0,0,0
20,0,Male,Hispanic,1,1,0
29,8,Male,Other,1,1,0
43,3,Male,African-American,1,1,0
40,0,Male,Hispanic,0,0,0
44,8,Male,Hispanic,1,1,0
33,3,Male,Other,0,1,1
54,2,Male,Caucasian,0,0,0
23,0,Male,Hispanic,1,0,1
64,8,Male,Caucasian,1,1,0
28,0,Male,Caucasian,1,1,0
31,9,Male,African-American,0,1,1
26,3,Male,Caucasian,0,1,1
32,1,Male,Caucasian,1,1,0
45,3,Male,Caucasian,0,1,1
30,1,Male,African-American,1,0,1
31,2,Male,African-American,0,0,0
46,2,Male,Caucasian,0,0,0
25,21,Male,African-American,1,1,0
56,1,Male,African-American,0,0,0
23,3,Male,African-American,0,1,1
43,1,Male,Hispanic,0,0,0
34,8,Male,African-American,1,1,0
23,3,Male,African-American,1,1,0
51,6,Male,Caucasian,1,0,1
32,9,Male,African-American,1,1,0
63,1,Male,Caucasian,0,0,0
22,1,Male,Caucasian,1,0,1
57,0,Female,African-American,0,0,0
38,7,Male,Hispanic,1,0,1
29,9,Male,African-American,1,1,0
30,6,Male,Other,1,1,0
33,1,Male,Caucasian,0,1,1
30,0,Male,Caucasian,0,0,0
28,11,Male,Caucasian,0,1,1
25,5,Male,African-American,0,1,1
30,0,Male,Caucasian,0,0,0
25,0,Female,Other,0,0,0
63,0,Male,African-American,0,0,0
23,2,Male,African-American,1,1,0
22,3,Male,African-American,0,1,1
43,9,Male,Caucasian,0,0,0
24,0,Male,Caucasian,1,0,1
20,0,Male,African-American,1,0,1
30,0,Male,Caucasian,0,0,0
41,9,Male,African-American,0,1,1
25,4,Male,Caucasian,0,1,1
26,5,Male,African-American,0,0,0
45,6,Female,Asian,1,1,0
22,0,Male,Hispanic,1,0,1
37,8,Male,Hispanic,1,0,1
30,8,Female,African-American,1,1,0
51,0,Female,Caucasian,0,0,0
24,1,Female,African-American,1,0,1
33,0,Male,Caucasian,0,1,1
40,4,Male,Caucasian,0,1,1
27,0,Male,African-American,0,1,1
26,11,Male,Caucasian,0,0,0
33,1,Male,Caucasian,1,1,0
25,2,Female,African-American,1,0,1
38,1,Male,Other,0,0,0
32,0,Male,Caucasian,0,0,0
33,1,Male,African-American,1,1,0
26,2,Male,Caucasian,0,0,0
43,1,Male,Other,0,0,0
28,0,Male,Caucasian,0,0,0
25,0,Female,African-American,1,0,1
35,9,Male,African-American,0,0,0
52,3,Male,African-American,1,0,1
23,6,Male,African-American,0,1,1
39,1,Male,Other,0,0,0
29,2,Female,African-American,0,1,1
34,1,Male,Caucasian,0,1,1
21,1,Male,African-American,1,1,0
27,0,Male,African-American,0,0,0
22,1,Female,Caucasian,0,0,0
29,5,Male,Other,0,1,1
26,1,Male,Caucasian,0,0,0
54,7,Male,Caucasian,0,0,0
41,8,Male,African-American,0,0,0
26,1,Male,Hispanic,0,0,0
27,10,Male,African-American,0,1,1
33,0,Female,Other,0,0,0
29,0,Male,African-American,1,1,0
43,0,Male,Caucasian,0,0,0
24,3,Male,Caucasian,1,1,0
43,2,Male,African-American,0,0,0
35,5,Male,Hispanic,0,0,0
40,3,Female,Other,0,0,0
27,0,Male,Caucasian,0,0,0
37,0,Male,African-American,1,0,1
36,1,Male,Asian,0,0,0
35,3,Female,African-American,1,1,0
49,1,Male,Caucasian,0,1,1
35,0,Male,African-American,0,0,0
30,8,Male,African-American,1,1,0
28,0,Male,Caucasian,0,1,1
46,15,Male,African-American,1,0,1
32,7,Male,Hispanic,0,1,1
56,5,Male,Caucasian,0,0,0
24,0,Male,African-American,0,0,0
25,8,Male,African-American,1,0,1
20,2,Female,African-American,1,1,0
26,0,Male,Caucasian,0,0,0
25,5,Male,Caucasian,1,1,0
24,2,Male,Caucasian,1,1,0
23,1,Male,African-American,1,1,0
23,1,Female,African-American,0,0,0
44,2,Male,Hispanic,1,0,1
45,1,Male,African-American,1,0,1
28,1,Male,Caucasian,1,0,1
30,0,Male,African-American,0,0,0
31,3,Male,African-American,1,0,1
27,0,Male,Caucasian,1,0,1
33,2,Male,Caucasian,0,0,0
24,2,Male,African-American,1,1,0
27,13,Male,African-American,1,1,0
33,0,Female,Other,0,0,0
30,2,Male,Other,0,0,0
35,5,Male,African-American,1,0,1
27,0,Male,Caucasian,1,0,1
23,0,Male,African-American,0,0,0
50,4,Male,African-American,0,0,0
31,5,Male,Hispanic,1,1,0
53,0,Female,Caucasian,0,0,0
24,1,Male,African-American,1,0,1
37,0,Female,African-American,0,0,0
27,1,Male,Caucasian,1,0,1
27,5,Male,Caucasian,0,0,0
25,0,Male,African-American,1,0,1
47,1,Male,Caucasian,0,0,0
30,21,Male,African-American,1,0,1
24,1,Male,African-American,0,0,0
32,1,Male,African-American,0,0,0
46,0,Male,Caucasian,1,0,1
28,5,Male,Caucasian,1,1,0
24,1,Male,Caucasian,0,1,1
59,2,Male,Caucasian,0,0,0
53,0,Male,Caucasian,0,1,1
23,1,Male,African-American,1,1,0
57,3,Male,Caucasian,0,0,0
53,13,Male,African-American,0,1,1
41,1,Male,Caucasian,1,1,0
32,8,Female,Hispanic,1,1,0
20,0,Female,African-American,1,0,1
29,0,Male,African-American,1,0,1
33,10,Male,African-American,1,1,0
61,30,Male,African-American,0,1,1
33,3,Male,African-American,0,0,0
24,0,Male,Hispanic,1,0,1
61,0,Female,Caucasian,0,0,0
32,0,Male,Caucasian,0,0,0
50,3,Male,Caucasian,0,1,1
22,0,Male,African-American,0,1,1
28,1,Male,Caucasian,0,0,0
46,1,Female,Other,0,0,0
24,7,Female,African-American,0,1,1
31,1,Female,African-American,0,0,0
56,2,Male,Hispanic,0,0,0
36,7,Female,African-American,1,0,1
20,1,Male,African-American,1,0,1
25,7,Female,African-American,1,1,0
35,6,Male,African-American,0,0,0
22,2,Male,African-American,1,1,0
21,0,Male,Caucasian,1,1,0
33,1,Male,Caucasian,0,0,0
28,1,Male,Caucasian,0,0,0
52,6,Male,African-American,1,0,1
43,0,Male,Hispanic,0,0,0
29,1,Male,African-American,1,0,1
25,0,Female,African-American,0,0,0
24,3,Male,Caucasian,1,1,0
31,1,Male,African-American,0,0,0
21,0,Male,African-American,1,1,0
55,0,Male,African-American,1,0,1
24,0,Female,African-American,0,0,0
34,0,Male,Caucasian,0,1,1
31,1,Male,Hispanic,1,0,1
24,3,Male,Other,1,1,0
31,9,Male,Caucasian,1,1,0
26,1,Female,African-American,0,0,0
21,0,Male,African-American,0,1,1
25,0,Male,Caucasian,0,0,0
56,0,Male,Caucasian,1,0,1
24,1,Female,Caucasian,0,0,0
56,1,Male,African-American,0,0,0
30,10,Female,African-American,1,1,0
29,0,Male,African-American,0,0,0
59,13,Male,African-American,1,1,0
25,0,Female,Hispanic,0,0,0
27,1,Male,Hispanic,0,0,0
62,0,Male,Caucasian,0,0,0
30,10,Male,African-American,0,1,1
48,12,Male,African-American,0,0,0
39,0,Male,African-American,0,0,0
50,9,Male,Caucasian,1,0,1
25,0,Male,African-American,0,0,0
21,1,Male,Caucasian,0,0,0
41,0,Male,Caucasian,0,0,0
46,2,Male,Other,0,0,0
27,15,Male,African-American,1,1,0
56,5,Male,Caucasian,0,0,0
47,14,Male,African-American,1,1,0
37,0,Male,Other,0,1,1
41,3,Male,African-American,1,0,1
41,5,Male,Caucasian,1,0,1
32,0,Male,African-American,0,0,0
57,3,Male,Caucasian,0,0,0
28,4,Male,African-American,1,1,0
33,4,Male,African-American,0,1,1
33,0,Male,Caucasian,0,1,1
38,0,Male,Caucasian,0,0,0
32,7,Male,African-American,0,1,1
41,6,Male,African-American,1,0,1
57,11,Male,African-American,0,1,1
30,2,Male,African-American,0,0,0
34,2,Female,Caucasian,0,0,0
23,1,Male,African-American,0,1,1
37,0,Female,Caucasian,0,0,0
18,2,Male,African-American,1,1,0
50,0,Male,Caucasian,1,0,1
23,3,Female,African-American,1,1,0
22,2,Female,African-American,1,0,1
30,6,Male,Hispanic,1,1,0
35,0,Male,Caucasian,0,0,0
23,0,Male,African-American,0,0,0
45,19,Male,Caucasian,1,1,0
30,1,Male,African-American,0,0,0
27,3,Male,African-American,1,0,1
36,9,Male,African-American,1,0,1
37,2,Female,African-American,0,0,0
26,9,Male,Caucasian,1,1,0
20,1,Male,Caucasian,1,0,1
33,11,Male,Hispanic,1,1,0
43,2,Male,Other,0,0,0
31,0,Male,African-American,0,0,0
31,0,Male,Other,0,0,0
33,5,Male,African-American,1,1,0
37,0,Male,Caucasian,0,0,0
49,12,Male,Caucasian,1,0,1
29,8,Male,African-American,1,1,0
53,3,Male,Caucasian,1,1,0
64,2,Female,Caucasian,0,1,1
22,0,Male,African-American,1,0,1
27,9,Male,African-American,1,1,0
36,1,Male,Hispanic,0,0,0
29,1,Male,Hispanic,0,0,0
44,0,Male,Caucasian,0,0,0
27,1,Male,African-American,0,1,1
22,0,Female,African-American,1,0,1
29,6,Male,African-American,1,1,0
36,1,Female,African-American,0,0,0
25,4,Male,African-American,0,1,1
31,2,Female,African-American,1,0,1
35,1,Male,African-American,0,0,0
29,3,Male,Caucasian,1,1,0
44,4,Male,Caucasian,0,1,1
50,1,Female,Hispanic,1,0,1
31,1,Male,Other,0,0,0
26,9,Male,Caucasian,1,1,0
47,0,Male,Caucasian,0,0,0
47,3,Male,Caucasian,0,0,0
48,0,Female,African-American,1,0,1
33,0,Male,Caucasian,1,1,0
29,6,Male,African-American,1,1,0
24,3,Male,African-American,1,1,0
29,0,Male,African-American,0,1,1
24,10,Male,African-American,0,1,1
24,6,Male,African-American,1,1,0
70,11,Male,Caucasian,1,1,0
21,1,Male,African-American,0,1,1
51,2,Male,Caucasian,1,1,0
47,0,Male,Caucasian,1,0,1
28,2,Male,Caucasian,1,1,0
44,5,Male,Caucasian,0,0,0
42,17,Female,African-American,1,1,0
40,8,Male,African-American,1,0,1
21,2,Male,Caucasian,1,1,0
64,7,Female,Caucasian,0,0,0
52,17,Male,African-American,1,1,0
52,0,Male,Hispanic,0,0,0
53,8,Male,Caucasian,0,1,1
38,0,Male,Asian,0,0,0
47,3,Male,African-American,0,0,0
22,2,Male,Caucasian,0,1,1
56,0,Male,Caucasian,0,0,0
41,0,Male,African-American,0,0,0
37,0,Male,Caucasian,0,0,0
51,4,Male,African-American,0,0,0
41,3,Male,Hispanic,0,0,0
45,0,Male,Hispanic,0,0,0
26,3,Male,African-American,1,1,0
35,4,Male,Caucasian,1,0,1
21,1,Male,Caucasian,0,0,0
24,2,Male,African-American,1,0,1
26,2,Male,Asian,1,1,0
50,11,Male,African-American,0,1,1
40,2,Female,Hispanic,0,0,0
39,3,Female,Caucasian,0,0,0
23,0,Male,Other,1,1,0
42,17,Male,African-American,1,1,0
45,15,Male,African-American,1,1,0
31,2,Male,African-American,0,0,0
46,3,Male,African-American,0,0,0
29,2,Male,Hispanic,0,0,0
22,0,Male,African-American,1,0,1
50,1,Male,Caucasian,0,0,0
36,6,Male,African-American,0,0,0
30,1,Female,African-American,0,0,0
47,2,Male,Caucasian,0,0,0
30,1,Male,African-American,0,0,0
51,5,Male,African-American,0,0,0
25,1,Male,Other,0,1,1
23,0,Male,African-American,0,0,0
55,0,Male,Caucasian,0,0,0
46,13,Male,African-American,1,0,1
23,2,Female,African-American,1,0,1
27,3,Male,African-American,1,1,0
22,12,Male,African-American,1,1,0
26,0,Male,Caucasian,1,0,1
50,3,Male,Hispanic,1,0,1
41,1,Male,Caucasian,0,0,0
24,0,Female,Caucasian,0,1,1
38,3,Female,Caucasian,0,0,0
25,5,Male,African-American,0,1,1
24,1,Male,Caucasian,0,1,1
24,7,Female,Caucasian,0,1,1
24,0,Male,African-American,1,1,0
29,5,Male,African-American,0,0,0
24,0,Male,African-American,1,1,0
22,1,Male,Caucasian,0,1,1
51,5,Female,Caucasian,0,1,1
23,5,Male,African-American,1,1,0
64,8,Male,Caucasian,0,0,0
21,1,Female,African-American,0,1,1
31,0,Male,Caucasian,0,0,0
38,1,Male,African-American,0,1,1
36,4,Female,Caucasian,1,1,0
47,5,Male,African-American,0,0,0
28,5,Male,African-American,1,1,0
46,0,Male,African-American,0,1,1
28,0,Male,African-American,0,0,0
26,10,Male,Caucasian,1,1,0
60,1,Male,Other,0,0,0
39,0,Male,Caucasian,1,0,1
25,5,Male,African-American,1,0,1
32,12,Male,African-American,0,1,1
33,3,Male,African-American,1,1,0
26,0,Female,African-American,0,0,0
33,2,Male,African-American,0,0,0
31,0,Male,Caucasian,0,0,0
22,0,Male,African-American,0,1,1
28,1,Male,Other,1,0,1
54,1,Male,Caucasian,1,0,1
35,0,Male,Other,0,0,0
25,2,Male,Other,0,0,0
24,8,Male,Caucasian,0,1,1
22,0,Male,African-American,0,0,0
44,1,Female,Caucasian,0,0,0
47,7,Male,African-American,1,0,1
46,10,Male,African-American,1,0,1
31,0,Female,Caucasian,1,1,0
23,2,Male,Hispanic,0,1,1
19,1,Female,Caucasian,1,1,0
34,1,Female,African-American,0,0,0
23,4,Female,African-American,1,1,0
21,0,Male,African-American,0,0,0
43,6,Male,Caucasian,1,0,1
21,3,Male,Caucasian,0,1,1
21,0,Male,African-American,1,0,1
31,3,Male,African-American,1,1,0
59,0,Male,Caucasian,0,0,0
51,0,Male,Caucasian,0,0,0
29,6,Male,African-American,1,1,0
51,1,Male,African-American,0,0,0
20,0,Male,Hispanic,0,0,0
25,4,Male,African-American,0,1,1
49,1,Male,African-American,0,1,1
45,3,Male,African-American,0,0,0
35,0,Male,African-American,0,0,0
35,13,Male,African-American,0,1,1
47,1,Male,African-American,0,0,0
34,6,Female,African-American,0,0,0
44,6,Male,Caucasian,1,0,1
44,3,Male,Caucasian,0,1,1
20,0,Male,Hispanic,1,0,1
58,2,Male,Caucasian,0,1,1
40,4,Male,Caucasian,0,1,1
42,0,Female,Caucasian,0,0,0
43,2,Male,Caucasian,1,0,1
21,2,Female,African-American,0,0,0
23,10,Male,Caucasian,0,1,1
28,2,Male,Other,0,0,0
43,2,Male,Other,0,0,0
37,4,Male,Caucasian,1,0,1
23,2,Male,Other,0,1,1
25,2,Male,African-American,1,1,0
55,0,Male,Caucasian,0,0,0
47,0,Female,Caucasian,0,0,0
46,4,Male,Caucasian,0,0,0
29,7,Male,African-American,1,1,0
30,7,Male,African-American,0,0,0
31,2,Male,African-American,0,0,0
22,2,Male,African-American,1,1,0
23,1,Male,Caucasian,1,1,0
58,0,Male,Caucasian,0,0,0
61,1,Male,African-American,0,0,0
35,4,Male,African-American,0,0,0
28,1,Male,Caucasian,1,1,0
45,0,Female,Other,0,0,0
25,8,Male,African-American,1,1,0
55,1,Male,Caucasian,0,0,0
28,11,Male,Hispanic,0,1,1
29,17,Male,Hispanic,1,1,0
55,1,Male,Caucasian,1,0,1
37,2,Male,Other,1,0,1
30,4,Female,African-American,0,1,1
40,0,Male,Caucasian,0,0,0
32,11,Male,African-American,1,1,0
25,2,Male,Caucasian,0,1,1
41,1,Male,African-American,0,0,0
35,10,Female,Hispanic,0,1,1
21,0,Female,Caucasian,0,0,0
21,0,Female,African-American,1,0,1
25,4,Male,Caucasian,0,1,1
31,5,Male,African-American,0,1,1
25,0,Male,Other,0,0,0
33,14,Male,African-American,1,1,0
29,8,Male,African-American,1,1,0
26,1,Male,African-American,1,1,0
25,0,Female,Caucasian,0,0,0
47,7,Female,African-American,1,1,0
27,2,Male,African-American,0,0,0
22,0,Male,African-American,1,1,0
33,4,Male,Other,1,0,1
55,8,Male,African-American,1,0,1
29,4,Male,Other,1,1,0
24,1,Female,Caucasian,1,0,1
21,1,Male,Hispanic,0,1,1
41,0,Male,Caucasian,0,0,0
21,0,Male,Other,1,0,1
31,15,Male,African-American,1,1,0
30,3,Female,African-American,0,1,1
31,4,Male,Caucasian,1,1,0
23,0,Female,African-American,0,0,0
25,1,Female,African-American,0,0,0
22,1,Male,Other,0,0,0
42,6,Male,African-American,1,1,0
29,5,Male,African-American,1,1,0
27,2,Male,African-American,0,1,1
24,3,Male,Caucasian,0,1,1
40,10,Male,Caucasian,1,1,0
57,9,Male,African-American,0,1,1
54,6,Male,African-American,1,0,1
48,1,Male,Hispanic,1,0,1
28,18,Male,African-American,1,1,0
33,3,Male,Caucasian,1,1,0
27,0,Male,Other,0,1,1
39,0,Male,African-American,0,0,0
27,2,Male,African-American,0,1,1
25,15,Male,African-American,1,1,0
20,0,Male,African-American,0,0,0
22,1,Male,African-American,1,1,0
20,0,Male,African-American,1,0,1
26,7,Male,African-American,1,1,0
43,1,Male,Caucasian,0,0,0
21,0,Male,Hispanic,1,1,0
40,0,Female,Caucasian,0,0,0
40,3,Female,Caucasian,1,1,0
22,2,Male,African-American,1,0,1
23,1,Male,African-American,0,1,1
21,0,Male,African-American,0,0,0
45,4,Male,Hispanic,0,0,0
24,9,Male,Other,1,1,0
25,8,Male,African-American,0,1,1
36,5,Male,Caucasian,0,0,0
24,1,Male,Hispanic,0,0,0
67,0,Male,Caucasian,0,0,0
42,2,Female,Other,0,0,0
21,1,Male,African-American,1,0,1
30,1,Male,Caucasian,0,1,1
33,2,Male,African-American,1,1,0
30,0,Male,Caucasian,0,0,0
26,2,Male,African-American,0,0,0
23,1,Male,Caucasian,0,1,1
27,5,Male,African-American,1,0,1
45,1,Male,Hispanic,0,0,0
24,0,Male,African-American,0,0,0
24,4,Female,African-American,1,1,0
43,0,Male,African-American,0,1,1
36,0,Female,African-American,0,0,0
51,1,Male,Caucasian,0,0,0
29,0,Male,African-American,0,1,1
30,0,Male,African-American,1,0,1
37,1,Male,Caucasian,1,0,1
26,0,Male,Caucasian,0,1,1
61,2,Male,African-American,0,1,1
26,5,Male,African-American,1,1,0
31,7,Male,African-American,1,0,1
28,0,Female,Caucasian,0,0,0
59,5,Male,African-American,0,0,0
30,5,Male,African-American,1,1,0
23,5,Male,Caucasian,1,1,0
34,19,Male,African-American,1,0,1
20,1,Male,African-American,1,1,0
48,1,Male,Caucasian,0,0,0
53,1,Male,Caucasian,0,1,1
38,1,Male,Caucasian,1,0,1
27,8,Male,African-American,0,1,1
35,0,Male,Caucasian,0,0,0
31,5,Male,Caucasian,1,1,0
48,3,Male,Caucasian,0,0,0
35,0,Female,African-American,0,0,0
51,0,Male,African-American,1,1,0
65,1,Female,Caucasian,1,0,1
54,0,Male,African-American,0,0,0
37,9,Male,Hispanic,0,1,1
33,3,Male,Caucasian,1,0,1
35,16,Male,Caucasian,1,1,0
39,2,Male,Caucasian,1,0,1
33,3,Male,African-American,1,0,1
29,2,Male,Caucasian,0,1,1
22,2,Male,African-American,1,1,0
55,1,Male,Hispanic,1,0,1
53,10,Female,African-American,1,0,1
42,1,Male,African-American,1,0,1
42,1,Female,African-American,0,0,0
25,0,Male,African-American,0,0,0
29,0,Male,African-American,0,0,0
27,0,Male,Other,0,0,0
55,5,Male,African-American,1,0,1
30,2,Male,African-American,0,0,0
57,9,Male,Caucasian,1,1,0
31,0,Male,Caucasian,1,0,1
39,0,Male,Caucasian,0,0,0
55,3,Male,African-American,1,0,1
51,0,Male,African-American,1,0,1
34,3,Male,African-American,1,0,1
45,1,Male,Hispanic,0,0,0
21,1,Male,Caucasian,0,1,1
56,1,Male,Caucasian,0,0,0
28,1,Male,African-American,0,0,0
45,13,Male,African-American,1,0,1
29,5,Female,African-American,1,0,1
36,1,Male,Caucasian,1,1,0
33,0,Male,African-American,1,0,1
36,0,Male,African-American,0,0,0
32,0,Male,African-American,1,0,1
26,2,Male,African-American,0,0,0
52,0,Male,African-American,0,1,1
43,0,Male,African-American,1,0,1
37,5,Male,Caucasian,0,0,0
30,4,Male,Other,1,0,1
29,2,Male,African-American,0,0,0
31,10,Female,African-American,0,0,0
30,0,Male,African-American,0,0,0
34,5,Male,African-American,1,1,0
30,7,Male,African-American,1,1,0
53,2,Male,African-American,0,0,0
22,0,Male,African-American,1,1,0
39,4,Female,Caucasian,1,1,0
39,0,Male,Caucasian,1,0,1
40,4,Male,Other,1,0,1
25,1,Male,Caucasian,0,0,0
36,0,Male,African-American,0,0,0
27,10,Male,African-American,0,1,1
31,6,Male,African-American,0,1,1
31,1,Male,Caucasian,0,1,1
27,2,Male,Hispanic,0,0,0
25,1,Male,African-American,0,0,0
27,0,Male,Other,0,0,0
36,1,Male,Caucasian,0,0,0
40,4,Male,Caucasian,0,1,1
24,6,Male,Caucasian,0,1,1
27,6,Male,African-American,1,1,0
38,2,Male,Caucasian,0,0,0
25,0,Male,African-American,0,0,0
21,1,Male,African-American,1,1,0
26,6,Male,African-American,0,1,1
33,4,Male,Caucasian,0,0,0
20,1,Male,Caucasian,1,1,0
61,29,Male,African-American,1,1,0
32,13,Male,African-American,1,1,0
25,4,Male,African-American,1,1,0
21,1,Male,Caucasian,1,0,1
49,29,Male,African-American,1,1,0
49,1,Male,African-American,1,0,1
21,0,Male,African-American,0,1,1
21,0,Male,Caucasian,1,0,1
39,0,Male,Caucasian,0,1,1
21,0,Male,Caucasian,0,1,1
46,1,Male,Caucasian,0,0,0
45,0,Male,Other,0,0,0
26,2,Male,Caucasian,1,1,0
33,3,Female,African-American,0,0,0
42,0,Male,African-American,0,1,1
49,7,Male,Other,1,0,1
44,1,Male,African-American,0,0,0
21,2,Male,Caucasian,1,1,0
25,1,Male,Hispanic,1,0,1
29,0,Male,Caucasian,1,0,1
28,1,Male,African-American,1,0,1
29,1,Male,African-American,1,0,1
35,7,Male,Hispanic,0,0,0
28,7,Female,Caucasian,1,1,0
53,0,Female,Caucasian,0,0,0
35,0,Male,African-American,0,0,0
31,2,Female,Caucasian,1,1,0
21,0,Male,African-American,1,0,1
60,3,Male,Caucasian,0,0,0
25,9,Male,Caucasian,0,1,1
21,1,Male,African-American,1,1,0
21,1,Male,African-American,1,1,0
34,1,Female,Hispanic,0,0,0
25,0,Male,African-American,1,0,1
36,1,Male,Other,1,0,1
36,3,Female,Caucasian,0,0,0
22,1,Male,African-American,1,0,1
24,0,Male,African-American,0,0,0
26,0,Male,Other,1,0,1
33,23,Male,African-American,1,1,0
48,1,Male,Hispanic,0,0,0
26,20,Male,African-American,1,1,0
32,9,Male,African-American,0,1,1
55,4,Male,Other,0,0,0
27,4,Male,African-American,1,0,1
24,1,Female,Hispanic,0,0,0
55,17,Male,African-American,1,1,0
30,4,Female,Hispanic,1,1,0
20,1,Male,African-American,1,1,0
24,1,Female,African-American,0,0,0
27,2,Male,African-American,1,1,0
35,4,Male,African-American,1,0,1
27,1,Male,Caucasian,0,0,0
26,0,Female,African-American,0,0,0
52,0,Male,African-American,1,1,0
25,1,Male,Hispanic,0,0,0
44,0,Male,African-American,1,0,1
26,6,Male,African-American,0,1,1
24,0,Male,African-American,1,0,1
42,1,Male,Caucasian,1,1,0
53,3,Male,African-American,1,0,1
42,1,Male,African-American,0,0,0
32,11,Male,Caucasian,0,1,1
36,1,Male,Caucasian,0,0,0
31,1,Male,African-American,0,1,1
25,9,Male,Caucasian,1,1,0
43,0,Male,Caucasian,1,1,0
26,3,Female,Caucasian,1,1,0
39,1,Female,African-American,0,0,0
30,6,Male,Asian,0,0,0
34,5,Female,African-American,0,0,0
24,1,Male,African-American,1,0,1
29,6,Male,African-American,0,1,1
37,7,Male,African-American,0,1,1
41,0,Male,African-American,0,0,0
21,0,Male,African-American,1,1,0
29,5,Male,African-American,1,1,0
32,0,Male,African-American,0,0,0
26,0,Female,Caucasian,0,0,0
21,1,Male,Caucasian,0,0,0
38,2,Male,Other,0,0,0
26,3,Male,African-American,0,1,1
25,4,Female,African-American,1,1,0
21,0,Male,African-American,1,1,0
28,4,Male,Caucasian,1,1,0
64,13,Male,African-American,0,1,1
34,0,Female,African-American,0,1,1
26,4,Female,Caucasian,1,0,1
44,13,Male,Caucasian,1,1,0
20,0,Male,African-American,1,1,0
53,0,Female,Caucasian,0,0,0
53,1,Male,Caucasian,0,1,1
40,23,Male,African-American,1,0,1
23,0,Male,Caucasian,0,0,0
54,1,Female,Caucasian,0,0,0
22,3,Male,African-American,1,1,0
22,0,Male,African-American,0,1,1
48,9,Male,African-American,1,1,0
83,4,Male,Caucasian,0,1,1
28,3,Male,African-American,0,1,1
24,0,Female,African-American,0,1,1
35,0,Male,African-American,0,0,0
42,0,Female,Caucasian,0,1,1
20,0,Male,Caucasian,0,1,1
25,5,Male,African-American,0,1,1
30,0,Male,Caucasian,0,0,0
28,3,Male,Caucasian,0,0,0
25,9,Male,African-American,0,0,0
58,21,Male,African-American,1,1,0
42,0,Male,Caucasian,0,0,0
25,1,Male,African-American,0,0,0
21,0,Male,Asian,1,0,1
43,6,Male,African-American,1,1,0
37,2,Male,African-American,0,1,1
77,1,Male,Caucasian,0,1,1
42,9,Male,African-American,1,1,0
61,9,Male,African-American,0,1,1
45,0,Female,Caucasian,0,0,0
64,0,Male,African-American,0,1,1
21,2,Male,Caucasian,0,1,1
27,4,Male,African-American,1,1,0
43,0,Male,Caucasian,0,0,0
60,2,Male,Caucasian,0,0,0
21,0,Male,African-American,0,0,0
43,2,Female,African-American,0,0,0
35,1,Male,African-American,0,0,0
39,4,Male,African-American,0,1,1
27,17,Male,African-American,1,1,0
33,2,Female,Hispanic,0,0,0
45,1,Female,Caucasian,0,0,0
32,2,Male,African-American,0,0,0
66,0,Male,Caucasian,0,0,0
26,4,Female,Other,1,1,0
38,0,Male,Hispanic,0,0,0
28,0,Male,Other,0,0,0
26,4,Male,African-American,1,0,1
23,5,Male,Caucasian,1,1,0
23,1,Male,African-American,0,1,1
43,8,Male,African-American,0,0,0
44,1,Male,Caucasian,0,1,1
38,1,Male,African-American,1,0,1
23,3,Male,African-American,1,1,0
27,0,Male,Other,1,0,1
32,10,Male,African-American,1,1,0
22,2,Male,African-American,1,1,0
35,1,Male,African-American,0,1,1
24,0,Male,Other,0,0,0
22,1,Male,African-American,0,0,0
36,1,Female,African-American,0,0,0
23,1,Male,African-American,1,1,0
29,4,Male,Other,1,0,1
24,0,Male,Caucasian,0,1,1
28,2,Male,African-American,1,1,0
22,0,Male,Hispanic,1,0,1
48,7,Male,Other,0,0,0
24,1,Male,African-American,0,0,0
55,0,Male,Hispanic,0,0,0
34,0,Male,Caucasian,0,1,1
34,1,Male,Other,1,0,1
47,12,Male,African-American,1,0,1
50,1,Male,African-American,0,0,0
28,7,Female,Caucasian,0,1,1
46,4,Male,Caucasian,0,0,0
38,0,Female,African-American,0,0,0
33,10,Male,Caucasian,0,1,1
38,2,Male,African-American,1,0,1
26,5,Male,African-American,1,1,0
24,0,Female,African-American,0,1,1
37,0,Male,Other,0,1,1
66,1,Male,Caucasian,0,1,1
30,11,Male,Caucasian,1,1,0
56,0,Male,African-American,0,0,0
44,1,Female,Caucasian,1,0,1
28,1,Male,African-American,0,1,1
26,4,Male,Caucasian,1,1,0
26,0,Male,Caucasian,0,1,1
30,3,Female,Caucasian,1,1,0
34,1,Male,African-American,0,0,0
22,0,Female,African-American,0,0,0
47,0,Male,Other,0,0,0
26,0,Male,Hispanic,0,0,0
20,0,Female,Caucasian,0,1,1
37,1,Male,African-American,0,0,0
28,7,Male,African-American,1,1,0
48,20,Male,Caucasian,1,1,0
30,3,Male,Caucasian,0,1,1
45,11,Male,African-American,0,1,1
58,3,Female,African-American,0,0,0
34,5,Male,African-American,0,1,1
35,0,Female,Hispanic,0,0,0
23,1,Female,African-American,1,1,0
54,3,Male,African-American,1,0,1
21,0,Male,Caucasian,0,0,0
41,0,Male,Caucasian,0,0,0
52,6,Female,Caucasian,0,1,1
39,1,Female,African-American,0,0,0
25,0,Male,African-American,1,0,1
28,2,Male,African-American,1,0,1
32,22,Male,African-American,1,1,0
26,1,Male,African-American,0,1,1
37,0,Male,Caucasian,0,1,1
32,3,Male,Caucasian,0,0,0
42,1,Male,African-American,0,0,0
66,1,Male,Caucasian,0,1,1
59,17,Male,African-American,1,1,0
24,4,Male,African-American,1,1,0
43,0,Female,Caucasian,0,0,0
20,0,Male,African-American,0,1,1
30,1,Male,African-American,0,1,1
31,9,Male,African-American,1,1,0
31,6,Male,Caucasian,0,0,0
55,5,Male,African-American,0,1,1
39,9,Male,African-American,0,1,1
24,6,Female,Caucasian,1,1,0
28,8,Male,African-American,1,1,0
65,2,Male,Hispanic,1,0,1
26,0,Male,Caucasian,0,0,0
36,14,Male,African-American,1,0,1
27,5,Male,African-American,1,1,0
19,2,Male,African-American,1,1,0
38,16,Male,African-American,1,1,0
48,2,Male,Caucasian,1,0,1
22,8,Male,African-American,1,1,0
42,6,Male,Other,0,0,0
60,19,Male,African-American,1,1,0
24,0,Male,African-American,0,0,0
20,1,Male,African-American,0,1,1
23,5,Male,African-American,1,1,0
41,4,Male,African-American,1,0,1
41,0,Male,African-American,0,0,0
24,1,Male,Caucasian,0,1,1
27,0,Male,African-American,0,0,0
21,1,Male,Caucasian,0,0,0
29,2,Female,African-American,1,0,1
55,18,Male,Caucasian,1,0,1
37,6,Male,Other,0,1,1
32,8,Male,Caucasian,1,1,0
25,0,Male,African-American,0,0,0
30,9,Male,African-American,1,1,0
33,0,Male,Other,1,0,1
23,0,Male,Caucasian,0,1,1
46,12,Male,Hispanic,1,0,1
32,5,Female,African-American,0,1,1
53,0,Male,Other,0,0,0
20,0,Male,Caucasian,0,1,1
20,0,Male,African-American,1,0,1
24,8,Male,African-American,1,1,0
45,1,Male,Caucasian,0,0,0
41,5,Female,African-American,0,1,1
28,2,Male,African-American,1,1,0
29,4,Male,Caucasian,0,1,1
25,2,Male,African-American,0,0,0
49,0,Male,African-American,0,0,0
27,11,Male,African-American,1,0,1
55,0,Male,Caucasian,0,0,0
34,7,Male,African-American,1,0,1
20,1,Male,Other,1,1,0
55,0,Male,African-American,0,0,0
26,5,Male,African-American,1,1,0
62,8,Male,African-American,0,1,1
26,7,Male,Hispanic,1,0,1
24,0,Male,Hispanic,0,0,0
35,0,Male,African-American,0,0,0
27,2,Male,African-American,0,1,1
52,20,Male,Hispanic,0,1,1
38,2,Male,African-American,1,0,1
47,0,Female,African-American,0,0,0
29,1,Female,Hispanic,0,0,0
23,3,Male,African-American,1,1,0
47,2,Female,Hispanic,0,0,0
23,3,Male,Caucasian,1,1,0
22,0,Female,African-American,0,0,0
23,0,Female,Other,0,0,0
26,1,Female,African-American,0,0,0
21,0,Female,African-American,0,0,0
61,0,Female,Caucasian,0,0,0
41,1,Female,Caucasian,0,0,0
30,8,Male,African-American,1,1,0
53,5,Female,African-American,0,0,0
33,1,Male,Hispanic,0,0,0
21,0,Male,Other,0,0,0
31,6,Male,African-American,1,1,0
19,1,Male,African-American,1,1,0
38,10,Male,African-American,0,1,1
31,4,Male,African-American,1,1,0
83,0,Male,Hispanic,0,0,0
21,0,Male,African-American,0,0,0
20,0,Male,Caucasian,0,1,1
27,3,Female,African-American,1,0,1
55,2,Male,Caucasian,1,0,1
25,0,Male,African-American,1,0,1
58,4,Female,African-American,0,0,0
45,1,Male,Caucasian,1,0,1
39,0,Male,Other,0,0,0
24,0,Male,Caucasian,0,1,1
20,0,Male,African-American,1,1,0
61,1,Male,Caucasian,0,0,0
46,0,Male,Caucasian,0,0,0
27,0,Female,Caucasian,1,0,1
30,1,Female,Other,0,0,0
34,0,Male,African-American,0,0,0
32,5,Female,African-American,0,0,0
22,2,Female,Caucasian,0,0,0
23,0,Male,African-American,1,1,0
71,13,Male,Caucasian,0,0,0
47,0,Male,African-American,1,1,0
62,0,Female,Caucasian,0,0,0
34,22,Male,African-American,1,0,1
30,1,Female,Caucasian,0,0,0
57,0,Male,Hispanic,0,0,0
20,0,Male,African-American,1,1,0
46,0,Male,Caucasian,0,0,0
22,2,Male,Caucasian,1,1,0
33,1,Female,Caucasian,0,1,1
28,0,Male,Caucasian,0,1,1
47,0,Male,Caucasian,0,0,0
34,4,Male,Caucasian,0,0,0
28,2,Male,Caucasian,0,1,1
22,3,Male,African-American,1,1,0
25,14,Female,Hispanic,0,1,1
40,8,Male,Caucasian,1,0,1
24,1,Female,Caucasian,0,1,1
23,2,Male,Caucasian,1,1,0
40,8,Male,African-American,1,1,0
30,0,Female,African-American,0,0,0
21,0,Male,Caucasian,0,1,1
32,5,Male,Caucasian,1,1,0
47,3,Male,Caucasian,0,0,0
33,9,Male,African-American,1,1,0
33,19,Male,African-American,1,1,0
23,0,Male,Caucasian,0,0,0
33,3,Male,Hispanic,0,0,0
45,3,Male,Caucasian,1,1,0
31,1,Male,African-American,0,0,0
31,16,Male,Hispanic,1,1,0
29,0,Male,African-American,0,1,1
23,4,Male,African-American,1,1,0
24,1,Female,Caucasian,0,0,0
45,0,Male,Other,0,0,0
57,3,Male,African-American,0,0,0
58,1,Male,Caucasian,0,0,0
45,1,Male,African-American,1,0,1
24,0,Male,Hispanic,0,0,0
46,2,Male,African-American,1,0,1
57,20,Male,African-American,1,1,0
30,12,Male,African-American,1,1,0
27,1,Male,Caucasian,0,0,0
52,7,Male,African-American,1,1,0
28,3,Female,African-American,0,0,0
49,1,Male,African-American,0,1,1
24,2,Male,African-American,1,1,0
63,1,Male,Caucasian,0,0,0
35,1,Male,African-American,0,1,1
32,16,Male,African-American,1,1,0
26,0,Male,African-American,1,0,1
54,0,Male,African-American,0,0,0
37,1,Male,Hispanic,1,0,1
28,5,Female,African-American,0,1,1
37,13,Female,African-American,0,1,1
43,1,Male,Caucasian,0,0,0
28,1,Male,Caucasian,0,1,1
58,1,Male,Hispanic,0,0,0
32,7,Male,African-American,1,1,0
44,6,Male,Caucasian,0,0,0
29,0,Female,Hispanic,1,0,1
47,5,Male,Caucasian,0,0,0
33,12,Male,African-American,1,1,0
21,1,Male,Caucasian,1,1,0
31,0,Female,Caucasian,0,0,0
30,7,Female,Caucasian,0,1,1
41,2,Male,Caucasian,0,0,0
48,1,Female,Caucasian,0,0,0
21,0,Female,Caucasian,0,0,0
21,2,Male,African-American,1,0,1
43,2,Male,Other,1,0,1
21,1,Male,Caucasian,1,1,0
56,8,Male,Hispanic,0,1,1
45,1,Male,African-American,0,0,0
29,16,Male,African-American,1,1,0
50,0,Female,African-American,0,0,0
42,1,Male,African-American,1,0,1
28,11,Male,African-American,1,1,0
45,9,Female,African-American,0,0,0
39,1,Female,African-American,0,0,0
32,3,Female,African-American,0,1,1
26,7,Male,Caucasian,1,1,0
45,3,Male,African-American,0,0,0
25,10,Male,African-American,1,1,0
26,2,Male,African-American,0,1,1
30,0,Male,Caucasian,0,0,0
27,1,Male,Hispanic,0,0,0
33,0,Female,African-American,0,0,0
57,0,Male,Other,0,0,0
39,0,Male,Caucasian,0,0,0
27,13,Male,African-American,1,0,1
34,4,Male,African-American,1,0,1
53,0,Male,Caucasian,0,0,0
25,2,Female,African-American,0,1,1
46,0,Female,African-American,0,0,0
65,4,Male,Caucasian,0,0,0
40,2,Male,African-American,0,0,0
38,3,Male,Hispanic,0,0,0
30,0,Male,African-American,0,0,0
20,1,Male,African-American,1,1,0
44,6,Male,African-American,0,0,0
35,1,Male,Caucasian,0,0,0
30,1,Male,Caucasian,1,1,0
28,9,Male,Caucasian,1,1,0
51,1,Male,Caucasian,0,0,0
41,0,Male,Caucasian,1,0,1
32,4,Male,African-American,0,1,1
21,1,Male,African-American,1,1,0
46,2,Male,Caucasian,0,0,0
19,3,Male,African-American,1,1,0
25,3,Male,Caucasian,0,1,1
46,2,Male,African-American,0,0,0
36,1,Male,African-American,0,1,1
20,3,Female,African-American,0,1,1
46,2,Male,Caucasian,0,0,0
67,0,Male,Caucasian,0,0,0
26,6,Male,African-American,1,0,1
45,0,Male,Other,0,0,0
33,2,Male,Hispanic,0,0,0
25,0,Male,Hispanic,0,1,1
26,1,Female,African-American,1,0,1
27,5,Male,Caucasian,0,0,0
53,15,Male,African-American,1,0,1
31,6,Male,African-American,0,1,1
43,0,Male,Hispanic,1,0,1
47,4,Male,Caucasian,1,0,1
46,1,Male,African-American,1,0,1
24,0,Female,Other,0,0,0
23,0,Male,African-American,0,0,0
50,2,Male,African-American,1,0,1
29,1,Male,African-American,0,0,0
47,5,Male,Caucasian,1,1,0
35,0,Male,Hispanic,0,0,0
35,1,Male,African-American,0,0,0
33,0,Female,Caucasian,0,0,0
40,2,Male,African-American,0,0,0
39,2,Male,African-American,0,1,1
24,10,Male,African-American,1,1,0
24,0,Male,Caucasian,0,0,0
23,2,Male,African-American,1,1,0
24,5,Male,African-American,1,1,0
57,21,Male,Caucasian,1,0,1
37,3,Male,African-American,0,0,0
28,14,Male,African-American,1,1,0
23,0,Female,African-American,0,0,0
32,14,Male,African-American,1,1,0
56,6,Male,African-American,0,0,0
75,1,Male,Caucasian,1,0,1
37,11,Male,African-American,0,1,1
22,1,Female,African-American,0,0,0
44,0,Male,Caucasian,0,0,0
24,1,Male,Other,1,1,0
26,5,Male,African-American,0,1,1
34,12,Male,African-American,0,0,0
35,6,Male,African-American,1,0,1
38,2,Male,African-American,0,0,0
49,0,Male,Caucasian,0,0,0
22,1,Male,Asian,0,0,0
48,1,Female,Caucasian,0,1,1
31,0,Male,Caucasian,0,0,0
25,5,Male,African-American,1,1,0
39,5,Male,Caucasian,0,0,0
20,1,Female,Caucasian,0,0,0
29,11,Male,African-American,1,1,0
20,3,Female,Caucasian,1,1,0
38,1,Female,Caucasian,0,0,0
52,21,Female,African-American,1,1,0
32,19,Male,African-American,1,1,0
55,12,Male,African-American,0,1,1
32,0,Male,African-American,0,0,0
48,0,Female,African-American,0,0,0
40,0,Female,Caucasian,0,0,0
32,1,Female,Caucasian,0,1,1
27,2,Male,African-American,1,1,0
29,7,Male,Caucasian,1,1,0
29,0,Male,African-American,0,1,1
21,1,Male,African-American,1,1,0
27,0,Male,African-American,0,0,0
51,1,Male,African-American,0,0,0
39,11,Female,Caucasian,1,1,0
30,0,Female,Caucasian,0,0,0
31,0,Male,African-American,0,0,0
47,19,Female,African-American,1,1,0
42,0,Female,Caucasian,0,0,0
47,4,Male,African-American,1,1,0
36,2,Male,Caucasian,0,0,0
25,0,Male,Caucasian,1,0,1
57,1,Male,Hispanic,0,0,0
21,2,Male,Hispanic,1,1,0
28,5,Male,African-American,1,1,0
27,1,Male,Caucasian,1,0,1
37,0,Female,Other,1,0,1
23,0,Male,African-American,0,1,1
33,0,Male,Asian,0,0,0
31,0,Male,African-American,0,0,0
50,1,Female,Hispanic,1,0,1
24,0,Female,Caucasian,0,0,0
43,5,Male,Caucasian,0,0,0
33,0,Male,African-American,0,0,0
37,1,Male,Hispanic,0,1,1
31,8,Male,Hispanic,1,1,0
41,0,Female,Hispanic,0,0,0
49,0,Male,Caucasian,0,0,0
34,4,Male,Hispanic,1,0,1
28,0,Male,African-American,1,1,0
25,4,Male,African-American,1,1,0
19,1,Male,Caucasian,1,1,0
37,13,Male,African-American,1,1,0
22,0,Male,Caucasian,0,0,0
51,7,Female,Caucasian,0,1,1
26,4,Male,African-American,0,1,1
31,9,Male,African-American,1,1,0
29,11,Female,African-American,0,1,1
56,1,Male,Caucasian,0,0,0
31,0,Female,African-American,1,0,1
52,0,Male,African-American,0,1,1
26,10,Male,African-American,1,1,0
30,1,Male,African-American,0,0,0
21,2,Male,African-American,1,0,1
33,6,Male,African-American,1,0,1
62,3,Male,African-American,1,0,1
27,1,Male,African-American,0,1,1
32,7,Male,African-American,1,1,0
39,1,Male,Other,0,0,0
21,0,Male,African-American,0,0,0
31,6,Male,Caucasian,1,0,1
21,0,Male,African-American,0,0,0
29,0,Male,Caucasian,1,0,1
31,1,Male,African-American,0,0,0
56,0,Male,Hispanic,0,0,0
24,0,Male,African-American,0,1,1
35,2,Male,Hispanic,0,0,0
50,10,Male,Caucasian,0,1,1
48,0,Male,Caucasian,0,1,1
28,2,Male,Hispanic,0,0,0
43,7,Male,African-American,1,0,1
27,0,Female,African-American,0,0,0
49,0,Male,Other,1,0,1
53,1,Male,Caucasian,0,1,1
26,2,Female,African-American,0,0,0
55,2,Male,Caucasian,0,0,0
23,2,Male,African-American,1,1,0
51,3,Male,African-American,0,0,0
44,4,Female,Caucasian,1,1,0
36,9,Male,African-American,1,0,1
26,1,Male,African-American,0,1,1
45,1,Female,Caucasian,1,0,1
40,3,Male,African-American,0,0,0
23,0,Male,Caucasian,0,0,0
23,6,Male,African-American,1,1,0
24,0,Male,African-American,0,0,0
39,1,Male,African-American,0,1,1
53,1,Male,Caucasian,0,0,0
52,0,Female,Caucasian,0,0,0
22,1,Male,Caucasian,0,1,1
57,0,Female,Caucasian,0,0,0
27,0,Male,African-American,0,0,0
20,4,Male,African-American,1,1,0
33,2,Male,Caucasian,1,0,1
32,1,Female,Caucasian,1,1,0
52,1,Male,Caucasian,0,1,1
31,0,Female,African-American,0,0,0
25,1,Male,African-American,0,1,1
26,4,Female,African-American,0,0,0
42,5,Male,Caucasian,0,0,0
63,0,Male,Caucasian,0,0,0
22,0,Male,African-American,1,1,0
49,6,Male,African-American,1,1,0
47,22,Male,Native American,1,1,0
26,6,Male,African-American,1,1,0
36,1,Male,Caucasian,0,0,0
59,9,Male,African-American,1,1,0
45,2,Male,Hispanic,0,1,1
44,0,Male,African-American,0,1,1
40,0,Male,Hispanic,0,0,0
20,5,Male,African-American,1,1,0
51,1,Female,African-American,0,0,0
30,1,Male,Caucasian,1,0,1
24,9,Male,African-American,1,1,0
34,2,Male,Hispanic,1,0,1
23,1,Male,African-American,0,1,1
23,3,Male,African-American,1,1,0
34,8,Male,African-American,0,1,1
35,5,Female,African-American,1,0,1
36,11,Male,Hispanic,0,0,0
25,1,Male,African-American,1,0,1
39,0,Male,Caucasian,0,0,0
27,4,Male,African-American,1,1,0
38,0,Female,Caucasian,0,0,0
22,0,Male,Caucasian,0,0,0
23,2,Female,African-American,1,0,1
31,0,Female,African-American,0,1,1
52,19,Male,African-American,0,0,0
41,0,Male,Caucasian,0,0,0
25,0,Male,African-American,0,0,0
37,0,Male,African-American,0,1,1
20,1,Male,Caucasian,1,1,0
50,0,Male,Caucasian,0,0,0
39,6,Male,African-American,1,0,1
48,3,Male,African-American,1,0,1
25,4,Male,Caucasian,0,1,1
49,1,Female,Caucasian,0,0,0
30,4,Male,African-American,1,1,0
24,1,Male,Caucasian,0,1,1
37,1,Female,Hispanic,0,0,0
61,4,Male,Caucasian,0,0,0
36,7,Male,African-American,1,0,1
26,0,Male,Other,0,0,0
21,1,Male,African-American,0,1,1
38,1,Female,Caucasian,1,0,1
46,0,Male,Hispanic,0,0,0
43,11,Male,Caucasian,1,0,1
23,0,Male,African-American,0,0,0
37,1,Male,Hispanic,0,0,0
54,1,Female,Caucasian,0,0,0
37,4,Male,African-American,1,0,1
43,0,Female,African-American,0,0,0
25,3,Male,African-American,1,1,0
33,3,Female,African-American,1,0,1
27,0,Male,Caucasian,0,0,0
24,1,Male,African-American,1,0,1
21,3,Male,Other,1,0,1
48,1,Male,Other,0,0,0
21,0,Male,Caucasian,1,1,0
21,3,Male,Caucasian,1,1,0
32,1,Male,Caucasian,0,0,0
24,3,Male,Caucasian,0,1,1
30,12,Male,African-American,1,1,0
51,0,Male,Hispanic,1,0,1
23,0,Male,African-American,1,0,1
27,0,Male,Other,1,0,1
24,9,Male,African-American,1,1,0
41,18,Male,African-American,1,0,1
28,10,Male,African-American,1,1,0
31,3,Male,Caucasian,0,0,0
22,1,Male,African-American,1,1,0
39,1,Male,African-American,0,0,0
20,4,Male,Caucasian,0,1,1
38,8,Male,African-American,0,1,1
45,1,Male,African-American,0,0,0
39,1,Male,Caucasian,0,0,0
21,1,Male,African-American,1,1,0
23,4,Male,African-American,0,1,1
48,4,Male,African-American,0,0,0
26,0,Male,Hispanic,0,0,0
51,3,Male,Hispanic,0,0,0
32,0,Male,African-American,0,0,0
25,2,Male,Caucasian,1,1,0
33,0,Male,African-American,1,0,1
34,5,Female,African-American,1,0,1
37,12,Male,African-American,0,1,1
51,17,Male,African-American,1,1,0
36,5,Male,African-American,0,0,0
30,3,Female,Caucasian,1,0,1
25,6,Male,African-American,1,1,0
25,11,Male,African-American,1,1,0
54,3,Male,Caucasian,1,0,1
54,1,Female,Caucasian,0,0,0
41,1,Male,Caucasian,1,0,1
28,4,Male,African-American,1,1,0
47,0,Female,Caucasian,1,0,1
25,1,Male,African-American,0,0,0
25,4,Male,African-American,1,1,0
37,0,Female,African-American,0,0,0
31,3,Male,Caucasian,0,1,1
20,2,Male,African-American,1,1,0
35,7,Male,African-American,0,1,1
51,22,Male,African-American,1,1,0
23,1,Male,African-American,0,1,1
39,0,Male,Caucasian,0,0,0
23,0,Male,African-American,1,0,1
33,2,Male,Other,1,0,1
34,1,Male,Caucasian,0,0,0
41,5,Male,African-American,0,0,0
40,1,Male,Caucasian,0,1,1
45,7,Female,Caucasian,1,1,0
24,1,Male,African-American,1,0,1
49,1,Female,African-American,0,0,0
51,11,Male,African-American,1,0,1
47,14,Male,African-American,0,0,0
38,0,Female,Hispanic,0,1,1
20,1,Male,African-American,1,0,1
27,2,Male,African-American,1,0,1
26,1,Female,African-American,0,1,1
20,1,Male,African-American,1,1,0
28,0,Male,Hispanic,0,0,0
22,3,Male,Caucasian,1,1,0
25,7,Male,African-American,0,1,1
24,2,Female,African-American,1,0,1
26,1,Male,African-American,0,1,1
32,4,Male,African-American,1,1,0
24,2,Male,African-American,1,1,0
27,0,Female,Caucasian,0,0,0
57,6,Male,Caucasian,0,0,0
33,0,Male,Caucasian,0,1,1
24,1,Male,African-American,1,0,1
29,5,Male,African-American,0,1,1
22,0,Male,Other,0,0,0
39,2,Female,Hispanic,0,0,0
69,0,Male,Caucasian,0,0,0
25,0,Female,Caucasian,0,0,0
45,0,Male,Caucasian,0,0,0
34,4,Male,African-American,1,1,0
45,13,Male,African-American,1,0,1
54,12,Female,Caucasian,0,0,0
34,10,Male,African-American,1,0,1
28,9,Male,African-American,1,1,0
30,0,Female,African-American,0,1,1
31,9,Female,Caucasian,1,1,0
32,5,Male,Caucasian,1,1,0
33,2,Female,Hispanic,1,0,1
18,4,Male,Caucasian,1,1,0
60,10,Male,African-American,0,1,1
54,0,Male,Caucasian,0,1,1
28,5,Male,African-American,0,1,1
34,3,Male,African-American,0,1,1
28,1,Female,African-American,1,0,1
50,8,Male,Caucasian,0,0,0
38,0,Female,Hispanic,0,0,0
30,10,Male,African-American,1,1,0
28,1,Male,African-American,0,0,0
23,0,Male,Caucasian,1,0,1
23,2,Male,African-American,1,1,0
34,1,Male,Caucasian,0,1,1
37,0,Female,African-American,0,0,0
44,1,Male,Caucasian,0,0,0
21,1,Male,Hispanic,1,1,0
22,3,Male,Caucasian,1,1,0
34,0,Male,African-American,1,0,1
27,1,Male,African-American,0,1,1
39,4,Male,Other,1,0,1
31,5,Male,African-American,0,1,1
22,0,Male,African-American,1,1,0
27,1,Female,African-American,0,0,0
69,0,Female,Hispanic,0,0,0
37,0,Male,Caucasian,1,0,1
27,11,Male,African-American,1,1,0
26,0,Male,African-American,1,0,1
29,5,Male,African-American,1,1,0
28,0,Male,Caucasian,0,0,0
56,4,Male,African-American,1,0,1
25,0,Male,African-American,0,1,1
39,0,Male,Caucasian,0,0,0
51,1,Male,Hispanic,0,0,0
33,12,Male,African-American,1,1,0
57,19,Male,African-American,0,1,1
46,2,Female,Hispanic,0,0,0
24,9,Female,Caucasian,1,1,0
28,2,Male,African-American,0,1,1
44,11,Male,Caucasian,0,1,1
51,15,Male,African-American,1,1,0
53,2,Male,African-American,1,0,1
30,11,Male,African-American,1,1,0
34,15,Male,African-American,0,0,0
30,0,Female,Caucasian,0,0,0
50,5,Male,Hispanic,1,0,1
23,0,Female,Other,0,0,0
32,8,Male,Caucasian,1,0,1
35,1,Male,African-American,1,0,1
41,0,Male,Hispanic,1,0,1
26,4,Male,African-American,1,1,0
23,1,Female,African-American,0,0,0
26,6,Male,African-American,0,1,1
33,1,Female,Caucasian,0,1,1
32,9,Male,Caucasian,1,1,0
37,22,Male,African-American,1,1,0
43,3,Male,Other,0,0,0
56,0,Male,African-American,0,0,0
62,1,Female,Caucasian,1,0,1
22,1,Male,African-American,1,0,1
21,0,Male,Hispanic,0,1,1
31,5,Male,Other,0,1,1
23,1,Male,Hispanic,0,0,0
27,0,Male,Caucasian,0,0,0
43,0,Male,African-American,0,0,0
48,0,Male,African-American,0,0,0
25,1,Female,African-American,0,1,1
55,0,Male,Caucasian,0,0,0
49,3,Male,Caucasian,1,1,0
43,9,Female,African-American,0,1,1
32,8,Male,African-American,0,1,1
37,12,Male,African-American,0,1,1
22,2,Male,Hispanic,0,0,0
24,3,Female,African-American,0,1,1
43,1,Male,Caucasian,1,1,0
36,5,Male,African-American,1,0,1
53,8,Male,Caucasian,0,0,0
25,1,Male,Caucasian,0,1,1
27,0,Male,Caucasian,0,0,0
25,0,Male,Caucasian,1,0,1
51,21,Male,African-American,1,1,0
32,0,Male,African-American,1,0,1
35,0,Male,Hispanic,0,0,0
28,7,Male,African-American,1,1,0
54,0,Female,Caucasian,0,0,0
27,0,Female,African-American,1,0,1
51,4,Male,African-American,0,0,0
32,0,Male,Hispanic,0,0,0
28,7,Male,African-American,1,1,0
24,1,Male,Hispanic,0,0,0
21,1,Male,African-American,1,1,0
36,0,Male,Hispanic,0,0,0
38,1,Male,Caucasian,1,0,1
31,0,Male,African-American,0,0,0
32,1,Male,African-American,1,0,1
33,1,Male,African-American,1,0,1
33,9,Male,Caucasian,0,0,0
24,1,Male,African-American,0,1,1
40,2,Female,African-American,0,0,0
66,3,Male,Caucasian,0,0,0
24,0,Male,Other,1,0,1
57,6,Male,African-American,1,1,0
22,6,Male,African-American,1,1,0
27,1,Male,African-American,0,1,1
35,12,Female,African-American,1,0,1
31,0,Male,African-American,0,0,0
26,3,Female,African-American,0,1,1
26,0,Male,African-American,0,0,0
31,0,Male,Hispanic,0,0,0
34,0,Male,Other,1,0,1
32,0,Male,Hispanic,0,0,0
33,6,Female,African-American,1,0,1
26,2,Male,African-American,1,0,1
38,2,Male,African-American,1,0,1
34,1,Male,Caucasian,0,0,0
39,0,Male,Caucasian,0,0,0
26,6,Female,African-American,1,0,1
37,1,Male,Caucasian,1,0,1
38,1,Male,Hispanic,0,0,0
58,0,Female,Other,1,0,1
31,9,Male,African-American,1,1,0
28,10,Male,African-American,0,1,1
22,1,Female,Caucasian,0,0,0
50,9,Male,Hispanic,1,0,1
54,11,Male,African-American,0,1,1
22,0,Male,African-American,1,0,1
22,1,Male,African-American,1,1,0
36,1,Male,Hispanic,1,0,1
27,1,Male,African-American,0,1,1
20,0,Male,African-American,0,0,0
32,0,Female,African-American,0,0,0
35,4,Female,Caucasian,0,0,0
57,1,Male,Hispanic,0,0,0
23,0,Male,Caucasian,1,1,0
34,2,Male,Hispanic,0,0,0
24,2,Male,Caucasian,0,1,1
30,2,Male,African-American,1,0,1
41,19,Male,African-American,0,0,0
29,2,Male,African-American,0,0,0
29,1,Male,Caucasian,0,0,0
53,1,Male,African-American,0,0,0
32,1,Male,African-American,1,0,1
30,4,Female,African-American,0,0,0
32,2,Male,Hispanic,1,1,0
21,2,Male,Caucasian,0,1,1
27,3,Male,African-American,1,1,0
20,0,Male,African-American,1,0,1
24,1,Male,African-American,1,0,1
24,0,Female,African-American,0,0,0
24,0,Female,African-American,0,0,0
22,1,Male,African-American,0,1,1
53,6,Male,African-American,1,0,1
21,0,Male,Caucasian,0,0,0
26,8,Male,African-American,1,1,0
48,6,Male,African-American,0,0,0
52,7,Male,African-American,1,1,0
34,0,Male,African-American,1,1,0
48,9,Female,Hispanic,0,1,1
39,3,Male,Caucasian,0,0,0
33,0,Male,African-American,0,0,0
30,0,Male,Caucasian,0,0,0
24,0,Female,African-American,0,0,0
54,14,Male,Caucasian,1,1,0
20,0,Male,Other,0,1,1
48,1,Female,Caucasian,1,0,1
21,0,Male,Native American,1,1,0
48,1,Male,Caucasian,0,0,0
24,0,Male,African-American,0,0,0
27,0,Male,African-American,1,0,1
26,8,Male,African-American,1,1,0
69,0,Male,Caucasian,1,0,1
24,0,Male,Caucasian,0,1,1
33,0,Female,African-American,0,0,0
41,14,Male,African-American,1,0,1
48,0,Male,Caucasian,0,0,0
28,7,Male,African-American,0,1,1
44,1,Female,Caucasian,0,0,0
24,2,Male,African-American,1,0,1
34,4,Female,Native American,1,1,0
51,12,Male,African-American,1,1,0
34,7,Male,African-American,1,0,1
29,0,Male,African-American,1,1,0
31,2,Male,Caucasian,0,0,0
46,14,Male,Caucasian,1,1,0
35,1,Male,African-American,0,0,0
24,6,Female,African-American,1,1,0
30,0,Male,Hispanic,0,0,0
25,6,Male,Caucasian,1,1,0
29,2,Male,Caucasian,0,0,0
29,2,Male,African-American,0,0,0
20,2,Male,African-American,1,1,0
39,6,Male,Other,0,1,1
35,23,Male,African-American,1,1,0
51,4,Female,African-American,0,0,0
28,1,Male,Caucasian,1,0,1
44,10,Male,African-American,1,1,0
56,9,Male,Caucasian,1,0,1
31,9,Male,Caucasian,1,1,0
32,2,Male,Caucasian,1,0,1
26,0,Male,African-American,0,0,0
45,1,Female,Caucasian,0,0,0
28,14,Male,Caucasian,0,1,1
49,0,Female,Other,0,0,0
46,2,Male,African-American,0,1,1
29,4,Male,Caucasian,1,1,0
35,13,Male,African-American,1,1,0
25,1,Male,Other,1,1,0
64,0,Female,African-American,0,0,0
24,0,Male,Hispanic,0,0,0
50,7,Male,African-American,0,1,1
62,0,Female,Caucasian,0,0,0
40,13,Male,African-American,0,1,1
25,7,Male,African-American,0,1,1
44,8,Male,Caucasian,1,0,1
31,9,Male,African-American,1,1,0
53,0,Male,Caucasian,0,0,0
59,1,Male,Caucasian,1,0,1
43,1,Male,Caucasian,0,0,0
26,3,Male,African-American,0,1,1
30,2,Female,African-American,0,0,0
31,3,Male,Hispanic,0,0,0
23,4,Male,African-American,0,1,1
41,5,Male,Caucasian,0,1,1
30,9,Female,Caucasian,1,1,0
55,0,Male,Caucasian,0,0,0
44,7,Male,African-American,0,0,0
27,10,Female,African-American,1,1,0
35,1,Female,African-American,0,0,0
31,4,Male,Caucasian,1,1,0
48,0,Female,African-American,0,0,0
37,3,Female,African-American,0,0,0
46,0,Female,Caucasian,0,0,0
43,0,Male,African-American,1,0,1
35,10,Male,African-American,1,1,0
19,0,Male,Caucasian,1,1,0
30,1,Male,African-American,0,0,0
37,0,Female,African-American,0,0,0
39,5,Male,African-American,1,1,0
45,20,Male,Hispanic,1,1,0
20,1,Female,African-American,1,1,0
21,1,Male,African-American,1,1,0
28,0,Male,Caucasian,1,0,1
24,1,Male,Hispanic,1,0,1
22,2,Female,Caucasian,0,1,1
62,0,Male,Caucasian,0,0,0
20,0,Male,African-American,1,1,0
45,3,Female,African-American,0,0,0
30,1,Male,African-American,0,0,0
44,0,Male,African-American,0,0,0
24,0,Male,African-American,0,1,1
28,8,Male,African-American,1,1,0
44,0,Male,African-American,0,0,0
54,0,Male,Caucasian,0,0,0
36,0,Male,African-American,0,0,0
30,0,Male,Caucasian,0,0,0
29,6,Male,African-American,1,1,0
50,9,Male,Caucasian,1,0,1
45,1,Male,Caucasian,1,0,1
50,2,Female,Caucasian,1,0,1
39,3,Female,African-American,0,0,0
30,18,Male,African-American,1,1,0
33,2,Male,African-American,0,0,0
55,3,Male,Caucasian,0,0,0
33,0,Female,Caucasian,1,0,1
54,28,Male,African-American,1,1,0
24,2,Female,African-American,1,1,0
30,9,Male,Caucasian,1,1,0
23,2,Female,African-American,1,0,1
49,0,Male,Caucasian,0,0,0
22,0,Male,African-American,0,1,1
35,2,Male,Caucasian,1,0,1
45,6,Male,African-American,0,1,1
28,0,Male,Hispanic,0,0,0
25,24,Male,Other,1,1,0
31,11,Male,Caucasian,1,1,0
33,4,Male,African-American,0,1,1
30,1,Female,Caucasian,0,0,0
67,2,Male,Caucasian,0,1,1
23,0,Male,African-American,0,0,0
34,4,Male,African-American,0,0,0
35,1,Male,Caucasian,1,1,0
44,0,Female,Caucasian,1,0,1
33,1,Female,African-American,0,0,0
38,1,Female,Caucasian,1,0,1
56,1,Female,African-American,1,0,1
30,1,Male,Other,1,1,0
32,1,Female,Hispanic,1,0,1
25,1,Male,African-American,0,0,0
30,0,Male,Caucasian,1,0,1
38,0,Male,African-American,0,0,0
33,0,Female,Hispanic,0,0,0
37,5,Male,African-American,1,0,1
24,0,Male,African-American,0,0,0
47,1,Male,African-American,0,0,0
51,0,Male,African-American,1,1,0
20,0,Male,Hispanic,1,1,0
20,1,Male,African-American,1,1,0
27,10,Male,African-American,1,1,0
30,4,Male,African-American,0,1,1
22,1,Male,African-American,1,1,0
42,5,Male,Caucasian,0,0,0
35,0,Male,Hispanic,0,0,0
21,1,Male,Caucasian,0,0,0
60,15,Male,African-American,1,1,0
37,2,Male,Other,0,0,0
28,2,Male,Caucasian,1,1,0
22,1,Male,African-American,0,1,1
41,7,Male,African-American,1,0,1
38,4,Male,African-American,0,0,0
46,17,Male,African-American,1,1,0
77,3,Male,Caucasian,0,0,0
51,4,Female,Caucasian,0,1,1
29,4,Male,African-American,1,1,0
28,2,Female,Hispanic,0,1,1
37,0,Male,Native American,0,0,0
33,28,Male,African-American,1,1,0
19,0,Male,Caucasian,1,1,0
22,3,Female,African-American,0,1,1
28,11,Male,African-American,1,0,1
22,0,Male,Caucasian,0,0,0
25,0,Male,African-American,0,0,0
40,0,Male,African-American,0,0,0
28,6,Male,African-American,1,0,1
46,5,Male,Caucasian,0,0,0
21,0,Male,African-American,0,0,0
28,1,Female,Caucasian,0,0,0
25,1,Male,African-American,1,0,1
61,14,Male,African-American,0,1,1
33,0,Female,Caucasian,0,0,0
37,1,Male,Caucasian,1,0,1
29,2,Male,Caucasian,1,0,1
27,1,Female,Caucasian,0,0,0
29,0,Female,African-American,0,0,0
56,31,Male,African-American,1,1,0
21,0,Male,African-American,0,0,0
34,9,Male,African-American,1,0,1
30,3,Male,Caucasian,1,0,1
29,1,Female,African-American,0,0,0
24,1,Male,African-American,0,0,0
53,1,Male,Caucasian,0,1,1
42,8,Female,African-American,1,1,0
39,0,Male,Caucasian,0,0,0
29,7,Male,African-American,1,1,0
44,0,Female,Caucasian,0,0,0
20,1,Male,Hispanic,1,1,0
32,2,Male,Hispanic,1,0,1
20,0,Female,African-American,0,0,0
56,9,Male,African-American,0,1,1
26,15,Male,African-American,0,1,1
43,3,Male,Hispanic,1,0,1
36,16,Male,African-American,1,1,0
52,2,Male,Caucasian,0,0,0
52,1,Male,Caucasian,0,1,1
41,2,Male,African-American,0,0,0
21,2,Male,African-American,0,1,1
27,0,Male,African-American,0,1,1
35,13,Female,African-American,0,0,0
24,0,Male,African-American,1,0,1
24,1,Male,African-American,1,0,1
45,1,Male,Hispanic,0,0,0
29,0,Male,African-American,0,0,0
29,0,Male,Caucasian,0,0,0
27,4,Male,Hispanic,1,0,1
21,3,Male,African-American,1,1,0
34,1,Male,African-American,0,0,0
26,1,Male,African-American,0,1,1
33,9,Male,African-American,1,1,0
33,1,Male,African-American,1,0,1
35,3,Male,Caucasian,0,0,0
55,0,Male,Caucasian,1,0,1
21,1,Male,African-American,1,0,1
23,6,Male,Hispanic,0,1,1
37,0,Male,Caucasian,0,1,1
24,1,Male,African-American,1,0,1
37,0,Male,Caucasian,1,0,1
27,10,Female,African-American,1,1,0
27,1,Female,African-American,0,0,0
27,5,Male,African-American,0,1,1
31,6,Male,Other,0,1,1
48,1,Male,African-American,0,0,0
33,4,Male,Other,1,0,1
29,12,Male,African-American,1,1,0
47,17,Male,African-American,0,1,1
35,0,Male,Caucasian,1,0,1
23,4,Male,Caucasian,1,1,0
27,25,Male,African-American,1,1,0
41,9,Female,Caucasian,1,1,0
52,23,Female,Caucasian,1,1,0
37,4,Male,Other,1,0,1
21,1,Male,African-American,0,1,1
29,11,Male,Caucasian,1,1,0
34,0,Male,Caucasian,1,0,1
29,1,Female,Caucasian,1,1,0
35,2,Male,African-American,0,0,0
28,3,Male,African-American,0,1,1
38,6,Male,African-American,1,1,0
35,22,Male,African-American,1,1,0
25,1,Male,Caucasian,0,1,1
20,0,Male,Other,1,1,0
29,0,Male,African-American,0,0,0
54,1,Male,African-American,0,0,0
33,5,Female,Caucasian,1,1,0
21,0,Male,African-American,1,1,0
24,2,Female,African-American,1,1,0
41,12,Female,Caucasian,1,1,0
32,1,Male,African-American,1,0,1
34,1,Male,Caucasian,0,0,0
23,0,Male,Other,1,0,1
34,2,Male,African-American,1,0,1
33,5,Male,Caucasian,0,1,1
57,16,Male,African-American,1,1,0
37,0,Male,Caucasian,0,0,0
28,3,Male,Hispanic,0,1,1
44,7,Male,Hispanic,1,1,0
30,0,Female,Caucasian,0,1,1
51,0,Male,Caucasian,0,0,0
26,0,Male,Caucasian,0,0,0
23,7,Male,African-American,1,1,0
27,1,Male,Other,1,0,1
29,8,Male,African-American,1,1,0
21,1,Male,Other,1,1,0
25,1,Male,African-American,1,1,0
34,3,Male,African-American,0,0,0
51,0,Male,African-American,1,0,1
56,0,Male,Caucasian,0,0,0
40,1,Male,Caucasian,0,1,1
24,0,Male,African-American,0,0,0
45,38,Male,African-American,1,0,1
32,0,Male,Caucasian,0,0,0
35,3,Male,Caucasian,1,0,1
25,4,Female,African-American,0,1,1
32,1,Male,Caucasian,1,1,0
22,0,Male,African-American,0,1,1
44,0,Male,Caucasian,0,1,1
31,0,Female,African-American,0,0,0
30,1,Male,African-American,0,0,0
60,1,Male,Caucasian,0,0,0
26,2,Female,Caucasian,1,1,0
47,3,Male,African-American,1,0,1
47,1,Female,Hispanic,0,0,0
23,0,Male,African-American,0,0,0
53,4,Male,Hispanic,0,1,1
32,4,Male,Caucasian,0,1,1
27,6,Male,African-American,1,1,0
33,5,Male,African-American,1,1,0
25,3,Male,African-American,0,1,1
23,2,Male,Hispanic,0,1,1
38,3,Male,African-American,0,0,0
31,19,Male,Hispanic,1,1,0
35,1,Male,African-American,0,0,0
33,4,Male,African-American,0,1,1
48,25,Male,African-American,1,1,0
56,3,Male,African-American,0,0,0
23,0,Male,African-American,0,1,1
27,3,Female,Caucasian,1,1,0
35,1,Male,Caucasian,0,0,0
39,0,Female,Caucasian,0,0,0
37,20,Male,African-American,1,1,0
27,0,Male,Caucasian,1,0,1
22,0,Male,Caucasian,1,1,0
28,0,Male,African-American,0,0,0
33,7,Male,African-American,1,1,0
34,12,Male,African-American,1,1,0
30,4,Male,African-American,0,1,1
46,0,Male,Other,1,0,1
43,1,Male,Hispanic,1,0,1
34,2,Male,Caucasian,1,1,0
22,0,Male,Caucasian,0,1,1
53,0,Male,African-American,0,1,1
46,1,Female,African-American,0,0,0
54,0,Male,Hispanic,0,1,1
20,0,Male,African-American,1,0,1
22,2,Male,African-American,0,1,1
32,4,Male,African-American,0,1,1
33,0,Female,Caucasian,1,0,1
36,2,Female,African-American,0,0,0
29,0,Male,Caucasian,0,0,0
57,12,Male,African-American,0,1,1
32,0,Female,Hispanic,0,1,1
46,0,Male,Caucasian,0,0,0
46,1,Male,Caucasian,1,0,1
26,0,Male,Caucasian,0,0,0
41,2,Male,Asian,1,0,1
22,0,Male,African-American,1,0,1
32,8,Male,African-American,0,0,0
31,1,Male,Caucasian,1,1,0
31,1,Male,Hispanic,1,0,1
36,1,Male,African-American,0,0,0
25,2,Male,African-American,1,0,1
22,0,Male,African-American,0,1,1
24,6,Male,Hispanic,1,1,0
33,2,Male,Caucasian,0,0,0
23,0,Male,African-American,0,0,0
20,1,Male,African-American,0,0,0
23,1,Female,African-American,1,0,1
26,1,Male,Hispanic,0,0,0
21,1,Male,African-American,1,1,0
50,3,Male,African-American,0,0,0
34,9,Female,Caucasian,1,1,0
22,2,Male,African-American,1,0,1
23,2,Female,African-American,1,1,0
58,1,Female,Hispanic,0,0,0
26,0,Male,Hispanic,0,1,1
44,9,Male,African-American,0,1,1
50,3,Male,Caucasian,1,0,1
38,0,Male,African-American,0,0,0
46,0,Male,Caucasian,0,0,0
54,1,Female,Caucasian,0,0,0
40,4,Male,Caucasian,1,1,0
26,4,Female,African-American,1,1,0
28,9,Male,Caucasian,0,1,1
20,1,Male,African-American,1,1,0
37,1,Male,Caucasian,1,0,1
44,1,Female,Caucasian,1,0,1
20,1,Male,African-American,1,1,0
48,10,Male,African-American,0,1,1
38,2,Male,African-American,1,0,1
36,3,Male,African-American,1,0,1
34,12,Male,African-American,1,1,0
71,12,Male,African-American,0,1,1
33,8,Male,African-American,0,1,1
33,0,Male,Caucasian,0,0,0
22,0,Male,African-American,0,0,0
22,3,Male,African-American,1,1,0
21,0,Male,African-American,1,0,1
24,0,Female,African-American,1,0,1
33,0,Male,African-American,1,0,1
25,5,Male,Caucasian,1,1,0
23,0,Male,Caucasian,0,0,0
24,0,Male,Caucasian,0,0,0
25,4,Male,Hispanic,0,0,0
25,0,Female,Caucasian,0,0,0
34,1,Male,African-American,0,0,0
19,3,Male,African-American,1,1,0
33,2,Female,Caucasian,0,0,0
37,0,Female,Hispanic,0,0,0
57,19,Male,African-American,0,1,1
63,1,Male,African-American,0,0,0
21,0,Female,Hispanic,1,0,1
36,11,Male,Caucasian,1,1,0
40,2,Male,Native American,0,1,1
20,0,Male,Caucasian,1,1,0
22,1,Male,African-American,1,1,0
41,4,Female,African-American,1,0,1
53,1,Male,Caucasian,1,1,0
24,7,Male,African-American,0,1,1
22,5,Female,African-American,1,1,0
24,1,Male,African-American,0,0,0
21,3,Male,African-American,1,1,0
44,11,Male,African-American,1,0,1
56,16,Male,African-American,0,1,1
23,1,Male,Hispanic,1,0,1
36,1,Male,African-American,1,1,0
41,0,Male,African-American,0,0,0
32,7,Male,African-American,1,1,0
26,2,Male,African-American,1,1,0
33,1,Female,Caucasian,0,0,0
24,2,Male,African-American,1,1,0
27,3,Male,African-American,1,0,1
34,3,Female,Caucasian,0,1,1
47,1,Male,Caucasian,1,0,1
39,1,Male,Caucasian,0,0,0
22,0,Female,African-American,0,0,0
28,4,Male,African-American,0,1,1
23,2,Male,African-American,0,1,1
29,6,Male,African-American,1,1,0
63,10,Male,African-American,1,1,0
56,4,Male,Caucasian,0,0,0
51,7,Male,Caucasian,1,0,1
24,2,Male,African-American,1,0,1
29,0,Male,African-American,0,1,1
30,1,Male,African-American,0,0,0
45,17,Male,African-American,1,0,1
30,6,Male,African-American,1,1,0
48,2,Male,Caucasian,0,0,0
21,0,Female,Other,0,0,0
40,0,Female,Caucasian,0,0,0
36,0,Male,African-American,0,0,0
30,2,Male,Other,0,0,0
21,0,Male,Hispanic,0,0,0
40,0,Female,African-American,0,0,0
22,0,Male,African-American,0,1,1
36,2,Male,African-American,1,1,0
23,1,Male,African-American,0,1,1
52,0,Female,Caucasian,1,0,1
39,1,Male,African-American,0,0,0
42,0,Female,Caucasian,1,0,1
32,0,Male,African-American,1,0,1
45,2,Male,Caucasian,0,0,0
31,2,Female,Caucasian,0,1,1
25,7,Male,African-American,1,1,0
21,1,Male,Other,1,0,1
25,2,Male,Caucasian,0,1,1
30,1,Male,Other,1,1,0
39,0,Female,Caucasian,1,1,0
37,0,Male,African-American,0,0,0
22,1,Female,African-American,1,0,1
34,2,Male,African-American,0,0,0
19,1,Male,African-American,1,1,0
37,4,Male,Hispanic,0,0,0
21,2,Male,African-American,1,1,0
27,7,Male,African-American,0,1,1
45,1,Male,Hispanic,0,0,0
34,3,Male,Other,0,0,0
37,2,Male,African-American,0,1,1
28,2,Female,African-American,0,0,0
20,1,Male,Caucasian,1,1,0
45,0,Male,Caucasian,0,0,0
34,0,Male,African-American,0,1,1
25,5,Female,African-American,0,1,1
26,3,Male,African-American,0,1,1
26,2,Male,Caucasian,1,1,0
36,2,Male,African-American,1,0,1
31,3,Male,African-American,1,1,0
32,3,Female,African-American,1,0,1
25,2,Male,African-American,0,0,0
34,0,Male,Caucasian,0,1,1
22,1,Male,Caucasian,0,1,1
43,0,Female,Caucasian,1,0,1
38,11,Male,Caucasian,1,1,0
26,0,Male,Other,0,0,0
34,0,Female,Caucasian,1,0,1
23,11,Male,Caucasian,1,1,0
53,1,Male,Caucasian,1,1,0
30,2,Male,Caucasian,0,0,0
30,1,Male,Caucasian,0,1,1
21,0,Male,African-American,1,0,1
37,4,Male,African-American,0,0,0
56,7,Male,Caucasian,1,0,1
22,1,Male,African-American,1,1,0
22,0,Male,African-American,0,1,1
33,5,Male,Other,0,0,0
51,12,Male,African-American,1,1,0
43,8,Male,African-American,1,0,1
31,15,Male,African-American,0,1,1
42,2,Female,African-American,0,0,0
26,0,Male,Hispanic,0,0,0
26,3,Male,Caucasian,1,1,0
39,3,Male,Caucasian,1,0,1
52,1,Female,African-American,0,0,0
42,0,Male,Caucasian,0,0,0
44,2,Male,Hispanic,0,0,0
52,0,Male,Other,0,0,0
42,10,Male,African-American,1,0,1
25,2,Male,Caucasian,0,1,1
25,0,Male,Caucasian,0,0,0
29,1,Female,African-American,0,0,0
64,13,Male,African-American,1,1,0
33,5,Male,African-American,0,0,0
22,0,Male,African-American,0,1,1
34,13,Male,African-American,1,1,0
32,4,Male,African-American,1,1,0
23,6,Male,African-American,1,1,0
46,3,Male,Caucasian,0,0,0
40,1,Female,African-American,0,0,0
23,1,Male,African-American,1,0,1
40,4,Female,Caucasian,0,0,0
41,3,Female,Caucasian,0,1,1
21,1,Male,African-American,1,1,0
25,2,Male,Hispanic,1,0,1
35,1,Male,African-American,1,1,0
48,1,Male,Caucasian,1,1,0
41,0,Female,Hispanic,0,0,0
34,6,Male,African-American,1,0,1
26,3,Male,African-American,1,1,0
20,0,Male,African-American,1,0,1
30,11,Male,African-American,0,1,1
23,0,Male,Caucasian,1,0,1
29,5,Male,African-American,0,0,0
27,1,Male,African-American,0,1,1
53,0,Male,Caucasian,0,0,0
48,0,Male,Caucasian,1,0,1
23,0,Male,African-American,0,0,0
26,1,Female,African-American,0,1,1
21,3,Male,African-American,1,1,0
31,5,Male,Caucasian,1,1,0
32,2,Male,Caucasian,0,0,0
22,1,Male,African-American,1,1,0
40,0,Female,Caucasian,0,0,0
28,25,Male,African-American,1,1,0
58,38,Male,African-American,1,1,0
54,8,Male,African-American,1,0,1
29,2,Male,Caucasian,0,0,0
42,0,Male,Caucasian,0,1,1
28,0,Female,African-American,0,0,0
34,2,Male,Hispanic,1,0,1
53,0,Female,Caucasian,0,0,0
48,4,Male,Other,1,0,1
49,1,Male,Caucasian,0,1,1
46,1,Male,Caucasian,0,0,0
31,0,Female,African-American,0,1,1
28,0,Female,African-American,0,0,0
22,0,Male,African-American,0,1,1
20,2,Male,African-American,1,1,0
25,1,Male,African-American,1,0,1
44,6,Male,Other,1,0,1
28,1,Female,African-American,0,0,0
28,10,Female,African-American,1,1,0
22,0,Male,Caucasian,1,0,1
54,22,Male,African-American,1,1,0
68,0,Male,Caucasian,0,0,0
25,1,Female,African-American,0,0,0
36,26,Male,Hispanic,1,1,0
21,0,Male,African-American,0,0,0
65,11,Male,African-American,0,1,1
26,7,Male,African-American,0,0,0
22,1,Male,African-American,1,0,1
33,3,Male,African-American,1,1,0
42,5,Male,African-American,0,0,0
35,2,Male,African-American,0,0,0
29,16,Male,African-American,1,1,0
27,1,Male,African-American,0,1,1
24,3,Female,Caucasian,1,1,0
52,23,Male,African-American,1,0,1
25,2,Male,Caucasian,0,0,0
55,0,Male,African-American,0,0,0
32,4,Male,African-American,1,1,0
26,3,Male,African-American,0,1,1
22,1,Male,Caucasian,1,1,0
35,8,Male,African-American,1,1,0
25,5,Male,African-American,0,1,1
29,1,Male,Caucasian,0,0,0
41,0,Male,Hispanic,0,0,0
35,5,Female,African-American,0,0,0
32,6,Male,African-American,1,1,0
44,0,Male,Caucasian,1,0,1
31,1,Male,Caucasian,1,0,1
33,0,Male,African-American,0,0,0
28,5,Male,African-American,1,1,0
32,0,Female,Caucasian,0,1,1
25,13,Male,African-American,1,1,0
23,0,Female,Caucasian,0,0,0
61,1,Female,African-American,1,0,1
36,1,Male,Caucasian,0,0,0
23,1,Male,African-American,1,1,0
43,0,Female,Caucasian,0,0,0
48,20,Male,Caucasian,1,1,0
57,0,Male,Other,0,0,0
26,1,Male,Hispanic,1,0,1
26,9,Female,African-American,1,1,0
31,14,Female,Caucasian,0,1,1
35,13,Male,African-American,1,1,0
26,1,Male,African-American,1,0,1
54,4,Male,African-American,0,0,0
22,0,Male,Hispanic,0,1,1
31,0,Male,Caucasian,1,1,0
53,4,Female,Caucasian,1,0,1
24,4,Male,Caucasian,0,1,1
26,2,Male,Caucasian,0,1,1
43,0,Male,African-American,0,1,1
22,1,Male,Other,1,1,0
21,0,Male,Hispanic,1,1,0
25,2,Male,Hispanic,1,1,0
50,0,Male,Caucasian,0,0,0
22,0,Female,African-American,1,0,1
25,4,Male,African-American,1,1,0
26,1,Male,Caucasian,1,1,0
57,1,Female,Hispanic,0,0,0
49,1,Male,Caucasian,0,1,1
21,1,Male,African-American,1,1,0
52,0,Female,African-American,1,0,1
57,8,Male,African-American,0,1,1
61,1,Male,African-American,1,0,1
53,1,Female,Caucasian,0,0,0
56,3,Male,African-American,1,0,1
23,6,Male,Caucasian,1,1,0
36,0,Male,Hispanic,1,0,1
39,2,Male,African-American,0,1,1
33,0,Male,Hispanic,0,0,0
29,1,Male,African-American,0,1,1
28,7,Male,African-American,1,1,0
22,3,Female,Caucasian,1,1,0
24,0,Female,Caucasian,0,0,0
23,2,Male,African-American,1,1,0
53,1,Male,Caucasian,0,1,1
27,0,Male,African-American,0,1,1
37,1,Male,Caucasian,0,0,0
27,6,Male,Caucasian,1,0,1
43,2,Male,Caucasian,0,0,0
56,0,Male,Caucasian,0,0,0
53,5,Male,African-American,1,0,1
48,0,Male,Other,0,0,0
64,0,Female,Caucasian,0,0,0
32,0,Male,Other,0,0,0
44,0,Male,Hispanic,0,0,0
27,0,Male,Caucasian,0,0,0
59,22,Male,African-American,1,1,0
53,0,Male,African-American,1,1,0
55,0,Male,Caucasian,1,0,1
42,1,Female,African-American,0,0,0
26,3,Male,African-American,1,1,0
32,4,Male,African-American,0,1,1
23,0,Male,African-American,1,0,1
24,4,Male,Other,0,1,1
54,0,Female,African-American,0,0,0
43,18,Male,African-American,1,0,1
22,2,Female,African-American,0,0,0
20,2,Male,African-American,1,1,0
61,0,Male,Caucasian,0,0,0
22,0,Male,African-American,1,1,0
64,0,Male,African-American,0,0,0
42,1,Male,Hispanic,0,0,0
38,0,Female,African-American,0,0,0
30,1,Male,African-American,0,0,0
69,0,Male,Other,0,0,0
24,4,Male,African-American,0,1,1
45,3,Male,Hispanic,0,0,0
27,0,Female,Caucasian,1,0,1
22,1,Female,Caucasian,0,0,0
53,18,Male,Hispanic,0,1,1
43,2,Male,Caucasian,0,0,0
50,1,Female,African-American,0,0,0
47,1,Male,African-American,1,0,1
28,1,Female,Caucasian,0,1,1
44,4,Male,Caucasian,0,0,0
28,1,Male,Caucasian,0,0,0
26,6,Male,African-American,1,1,0
21,1,Male,African-American,1,1,0
21,0,Male,Caucasian,0,1,1
46,2,Female,African-American,1,1,0
28,5,Male,African-American,0,1,1
26,3,Male,African-American,1,1,0
28,1,Male,Caucasian,1,1,0
28,7,Male,African-American,1,1,0
27,3,Male,African-American,1,0,1
29,16,Male,African-American,0,1,1
29,1,Male,African-American,1,0,1
43,4,Male,Caucasian,0,1,1
55,8,Male,Other,1,0,1
49,10,Male,African-American,1,1,0
32,2,Male,Caucasian,0,0,0
21,1,Male,Caucasian,0,0,0
25,1,Female,African-American,0,1,1
22,0,Male,African-American,0,0,0
32,0,Male,Caucasian,0,0,0
30,9,Male,African-American,1,1,0
51,1,Male,Caucasian,0,0,0
57,23,Male,African-American,1,1,0
23,3,Female,African-American,1,1,0
21,0,Male,African-American,0,1,1
33,7,Male,Other,1,1,0
40,24,Male,African-American,1,1,0
31,1,Male,Caucasian,0,0,0
36,1,Female,African-American,1,0,1
47,0,Male,Caucasian,0,0,0
33,16,Male,African-American,1,1,0
30,0,Female,Hispanic,1,0,1
39,3,Male,Hispanic,0,0,0
26,2,Male,Caucasian,0,1,1
20,0,Male,African-American,1,0,1
20,0,Male,African-American,1,1,0
22,1,Male,African-American,0,1,1
31,7,Male,African-American,1,0,1
54,6,Male,Caucasian,1,0,1
23,0,Female,African-American,0,0,0
48,0,Female,Other,0,0,0
23,4,Female,Caucasian,1,1,0
29,12,Male,African-American,1,1,0
31,8,Male,Hispanic,1,1,0
64,0,Female,Other,0,0,0
36,1,Female,African-American,0,0,0
32,6,Male,African-American,1,1,0
24,1,Male,African-American,0,0,0
39,0,Male,Other,0,0,0
26,8,Male,Caucasian,1,1,0
42,2,Male,Caucasian,1,0,1
49,4,Female,Caucasian,0,1,1
20,0,Male,African-American,1,1,0
22,0,Male,Hispanic,1,0,1
35,2,Female,Caucasian,0,0,0
30,11,Male,African-American,1,1,0
34,1,Female,African-American,0,1,1
25,1,Male,Caucasian,0,1,1
54,1,Female,Caucasian,0,0,0
45,1,Male,African-American,0,0,0
27,0,Male,African-American,1,0,1
29,9,Female,African-American,1,1,0
24,0,Female,Hispanic,0,0,0
30,2,Female,African-American,0,0,0
35,5,Male,Hispanic,0,0,0
35,4,Male,African-American,0,0,0
31,0,Male,Caucasian,0,0,0
62,4,Male,African-American,0,0,0
21,1,Female,Caucasian,0,0,0
33,3,Male,African-American,1,0,1
26,1,Female,African-American,0,0,0
22,0,Female,African-American,0,0,0
34,5,Male,African-American,0,1,1
25,4,Female,Hispanic,1,1,0
44,11,Female,Caucasian,1,1,0
42,0,Male,African-American,0,0,0
32,10,Male,African-American,1,1,0
33,2,Male,Caucasian,1,0,1
21,0,Male,African-American,0,0,0
27,3,Female,African-American,1,0,1
26,7,Male,Caucasian,0,1,1
29,0,Female,African-American,0,0,0
26,2,Female,Caucasian,0,1,1
58,0,Male,African-American,0,0,0
35,17,Male,African-American,1,1,0
23,2,Male,African-American,1,1,0
41,11,Male,Caucasian,1,1,0
43,2,Male,Other,0,0,0
24,0,Male,African-American,0,0,0
27,13,Male,Caucasian,1,1,0
26,1,Male,Hispanic,0,0,0
28,0,Male,African-American,0,0,0
34,0,Male,Caucasian,0,1,1
30,3,Male,Caucasian,0,0,0
24,2,Male,African-American,1,1,0
26,3,Female,African-American,1,0,1
56,1,Male,Caucasian,1,0,1
22,1,Male,African-American,1,0,1
54,0,Male,Caucasian,0,0,0
39,0,Male,Caucasian,0,0,0
25,9,Male,Caucasian,1,1,0
36,3,Male,African-American,1,0,1
32,0,Male,African-American,0,0,0
57,0,Female,Caucasian,1,1,0
32,0,Male,Hispanic,1,0,1
24,0,Male,African-American,0,0,0
21,0,Female,African-American,1,0,1
52,1,Male,African-American,1,0,1
25,0,Male,African-American,1,0,1
24,1,Male,Caucasian,1,1,0
28,1,Female,African-American,1,0,1
21,0,Male,Caucasian,1,1,0
36,25,Male,African-American,1,1,0
24,0,Male,African-American,0,0,0
75,2,Male,Caucasian,0,0,0
20,4,Male,African-American,1,1,0
41,0,Male,Caucasian,1,0,1
24,7,Female,Caucasian,1,1,0
59,0,Male,African-American,0,0,0
42,0,Male,Native American,0,0,0
26,0,Male,Caucasian,1,0,1
34,1,Male,Caucasian,0,0,0
52,3,Female,Caucasian,0,0,0
37,4,Male,Hispanic,1,0,1
27,5,Male,African-American,1,1,0
26,4,Male,African-American,1,1,0
52,0,Male,Hispanic,1,0,1
27,0,Male,African-American,0,0,0
34,2,Male,African-American,1,0,1
24,1,Male,African-American,1,0,1
33,8,Male,Hispanic,1,1,0
29,6,Male,Caucasian,1,1,0
25,1,Male,African-American,1,0,1
36,0,Male,African-American,0,1,1
50,0,Male,African-American,0,1,1
34,8,Male,African-American,0,1,1
32,1,Male,Hispanic,0,0,0
24,2,Male,African-American,1,0,1
25,13,Male,Caucasian,1,1,0
28,1,Female,Other,0,0,0
20,0,Male,Caucasian,1,1,0
34,0,Male,Caucasian,0,0,0
29,3,Male,African-American,1,1,0
49,0,Male,African-American,1,0,1
21,0,Female,Caucasian,0,0,0
27,0,Male,Hispanic,1,0,1
44,16,Male,Caucasian,0,1,1
31,8,Male,Caucasian,0,1,1
22,0,Male,African-American,0,1,1
22,6,Male,African-American,1,1,0
26,4,Male,African-American,1,0,1
40,0,Female,Caucasian,0,0,0
50,3,Female,African-American,0,0,0
33,5,Female,Native American,1,1,0
24,2,Male,Caucasian,0,1,1
26,2,Male,Caucasian,1,1,0
26,10,Male,Caucasian,1,1,0
37,1,Female,African-American,0,0,0
19,2,Male,Hispanic,1,1,0
29,1,Female,Hispanic,1,0,1
30,6,Male,Caucasian,0,1,1
28,12,Male,African-American,0,1,1
42,1,Male,Other,0,0,0
24,3,Male,African-American,1,1,0
39,1,Male,Caucasian,0,0,0
58,8,Male,Caucasian,0,0,0
63,9,Male,African-American,1,0,1
29,2,Male,Caucasian,0,1,1
30,4,Male,African-American,1,0,1
49,10,Male,African-American,1,1,0
50,13,Male,African-American,1,1,0
66,1,Female,Caucasian,0,0,0
29,6,Male,Caucasian,1,0,1
19,5,Male,Caucasian,1,1,0
27,4,Male,Caucasian,1,0,1
22,0,Female,Caucasian,0,0,0
35,3,Male,Caucasian,1,0,1
52,2,Male,Other,0,0,0
26,4,Male,African-American,1,0,1
40,1,Male,Other,0,0,0
34,5,Female,Hispanic,0,0,0
59,2,Male,Caucasian,1,0,1
32,15,Male,African-American,1,1,0
35,3,Male,African-American,0,0,0
39,3,Female,African-American,0,1,1
42,1,Male,African-American,0,0,0
27,2,Male,Caucasian,0,1,1
40,4,Male,Other,1,0,1
21,0,Female,Caucasian,1,0,1
66,0,Male,Caucasian,1,0,1
55,1,Male,Caucasian,0,0,0
59,0,Male,Caucasian,0,0,0
36,1,Male,Caucasian,0,0,0
32,1,Male,Hispanic,0,0,0
23,0,Female,African-American,0,0,0
23,6,Male,African-American,1,1,0
23,4,Male,Hispanic,0,1,1
24,8,Male,Caucasian,1,1,0
21,1,Male,Caucasian,1,1,0
37,1,Male,Other,0,0,0
35,2,Male,African-American,0,1,1
21,2,Male,Caucasian,1,1,0
38,25,Male,Native American,1,1,0
23,0,Male,Caucasian,0,0,0
25,0,Male,Caucasian,0,0,0
22,7,Male,African-American,1,1,0
51,0,Male,African-American,0,0,0
26,2,Male,African-American,0,0,0
36,0,Female,Caucasian,0,1,1
30,19,Male,Caucasian,1,1,0
42,0,Female,Caucasian,0,1,1
23,1,Male,African-American,1,0,1
55,0,Female,Hispanic,0,1,1
24,7,Male,African-American,1,1,0
47,3,Male,African-American,1,1,0
26,0,Male,African-American,0,0,0
28,0,Female,African-American,1,0,1
37,1,Male,Caucasian,1,1,0
47,1,Male,African-American,0,0,0
36,11,Male,African-American,1,1,0
35,2,Male,Caucasian,0,0,0
45,1,Male,Caucasian,0,0,0
26,0,Male,Caucasian,0,0,0
20,0,Female,African-American,1,0,1
44,6,Male,Caucasian,1,0,1
44,4,Male,Caucasian,0,0,0
44,0,Male,Hispanic,0,0,0
27,2,Male,African-American,0,1,1
29,0,Male,African-American,1,1,0
40,1,Female,Caucasian,0,0,0
20,0,Male,African-American,0,0,0
30,0,Female,African-American,0,0,0
22,0,Male,Caucasian,0,1,1
34,1,Male,African-American,1,0,1
25,0,Female,African-American,1,0,1
47,0,Male,Hispanic,1,0,1
20,0,Female,African-American,0,0,0
29,1,Male,Caucasian,0,1,1
31,7,Male,African-American,1,1,0
20,0,Female,Caucasian,0,0,0
20,1,Male,African-American,1,0,1
56,7,Male,African-American,0,1,1
64,1,Female,African-American,1,0,1
28,9,Male,African-American,1,1,0
53,0,Male,Hispanic,0,0,0
29,8,Male,African-American,1,1,0
27,0,Male,African-American,0,1,1
51,1,Female,Caucasian,0,0,0
44,2,Male,Caucasian,1,0,1
25,0,Male,African-American,0,0,0
69,0,Male,Caucasian,1,0,1
39,2,Male,Caucasian,1,0,1
35,10,Male,African-American,1,0,1
59,3,Male,Caucasian,0,0,0
20,1,Male,Caucasian,0,1,1
38,3,Male,African-American,1,0,1
39,17,Male,Caucasian,1,0,1
37,26,Male,African-American,1,1,0
30,3,Male,Caucasian,0,1,1
48,18,Female,African-American,1,1,0
31,0,Female,Caucasian,0,0,0
45,9,Male,Caucasian,1,0,1
30,0,Male,Other,0,0,0
26,27,Male,African-American,1,1,0
34,1,Male,Hispanic,1,0,1
68,0,Male,Hispanic,0,0,0
36,0,Male,Caucasian,0,0,0
28,1,Male,Caucasian,0,0,0
29,0,Male,African-American,0,0,0
38,0,Female,African-American,0,0,0
33,6,Male,Caucasian,1,0,1
26,0,Female,African-American,0,0,0
52,1,Male,Caucasian,0,1,1
28,10,Male,African-American,1,1,0
19,1,Male,African-American,1,1,0
54,7,Female,Caucasian,0,1,1
23,3,Female,African-American,1,1,0
30,4,Female,African-American,0,1,1
30,5,Male,Other,1,0,1
28,5,Male,African-American,0,1,1
30,9,Male,African-American,1,1,0
30,0,Male,Other,0,0,0
23,0,Male,African-American,1,0,1
29,13,Male,African-American,1,1,0
41,2,Female,Other,0,0,0
29,7,Female,Caucasian,1,1,0
23,0,Male,Caucasian,1,0,1
27,0,Male,Caucasian,1,0,1
63,1,Male,Caucasian,0,0,0
23,0,Female,Caucasian,0,0,0
54,0,Male,African-American,0,0,0
67,0,Female,African-American,0,0,0
39,0,Male,African-American,0,0,0
49,4,Male,Caucasian,0,1,1
26,7,Male,Caucasian,1,1,0
61,5,Male,African-American,0,1,1
36,4,Female,African-American,1,1,0
49,25,Female,African-American,1,1,0
29,9,Male,Caucasian,1,1,0
49,1,Female,African-American,0,0,0
66,3,Male,African-American,0,0,0
31,0,Male,African-American,0,0,0
54,11,Male,Caucasian,1,1,0
51,2,Male,Caucasian,0,1,1
23,1,Female,Caucasian,0,0,0
34,2,Male,Caucasian,0,0,0
26,4,Male,African-American,1,1,0
24,1,Female,Caucasian,0,1,1
27,2,Female,Caucasian,0,1,1
24,0,Male,African-American,0,0,0
38,11,Male,African-American,0,1,1
29,5,Male,African-American,1,1,0
26,3,Female,African-American,0,1,1
52,0,Male,African-American,0,1,1
52,0,Female,Caucasian,0,0,0
23,0,Male,Hispanic,1,0,1
50,0,Female,Caucasian,1,0,1
28,20,Male,African-American,1,1,0
30,6,Male,Hispanic,1,0,1
28,2,Male,African-American,0,0,0
24,2,Female,Caucasian,0,0,0
21,0,Male,Caucasian,0,1,1
34,0,Male,African-American,1,0,1
22,0,Male,African-American,1,0,1
22,3,Male,African-American,1,1,0
46,0,Male,Caucasian,0,0,0
52,13,Male,Other,1,1,0
21,0,Male,Caucasian,1,1,0
46,1,Male,Caucasian,0,0,0
31,1,Male,Hispanic,0,0,0
57,11,Male,African-American,1,1,0
24,2,Female,Caucasian,0,1,1
21,2,Male,African-American,0,1,1
30,1,Male,African-American,1,0,1
25,1,Male,African-American,0,0,0
41,3,Male,African-American,1,0,1
37,0,Male,Caucasian,0,0,0
35,3,Male,African-American,1,1,0
25,6,Male,African-American,0,1,1
32,1,Male,African-American,0,0,0
26,24,Male,African-American,1,1,0
28,7,Male,Caucasian,1,1,0
33,12,Male,African-American,1,1,0
44,0,Male,Caucasian,1,0,1
26,2,Male,African-American,1,1,0
22,0,Male,Hispanic,0,0,0
26,0,Male,Caucasian,1,0,1
33,0,Male,Caucasian,1,1,0
28,3,Male,African-American,0,1,1
29,2,Male,African-American,1,0,1
29,0,Male,Caucasian,0,0,0
42,1,Male,African-American,0,1,1
29,0,Male,African-American,0,1,1
25,0,Female,Caucasian,0,0,0
38,0,Female,Caucasian,0,0,0
58,1,Male,Caucasian,0,0,0
23,0,Male,African-American,1,0,1
24,0,Female,African-American,0,0,0
50,2,Male,Caucasian,1,0,1
30,0,Male,Caucasian,1,0,1
28,13,Male,African-American,1,1,0
41,1,Male,African-American,0,0,0
37,17,Male,African-American,1,1,0
27,2,Male,African-American,1,0,1
37,1,Male,Caucasian,0,0,0
51,14,Female,Caucasian,0,1,1
31,0,Female,Hispanic,0,1,1
46,1,Female,African-American,1,0,1
53,1,Male,Other,0,0,0
26,6,Male,African-American,1,1,0
37,6,Male,African-American,1,0,1
38,0,Male,African-American,0,0,0
36,4,Male,African-American,0,0,0
33,3,Male,Caucasian,1,0,1
48,5,Male,African-American,1,0,1
23,0,Male,African-American,0,0,0
49,6,Female,Caucasian,0,1,1
34,19,Male,African-American,1,1,0
31,0,Male,African-American,0,0,0
33,3,Male,African-American,0,1,1
57,0,Male,African-American,0,1,1
46,2,Male,Caucasian,0,0,0
26,0,Male,Caucasian,0,0,0
45,1,Male,African-American,0,1,1
34,3,Male,African-American,0,0,0
22,4,Male,Caucasian,1,1,0
52,8,Male,Caucasian,0,0,0
23,3,Male,Caucasian,0,1,1
63,5,Male,Caucasian,0,0,0
27,2,Male,Caucasian,1,1,0
67,4,Male,African-American,1,0,1
33,4,Male,African-American,1,0,1
28,4,Female,African-American,1,0,1
33,21,Male,African-American,1,1,0
23,0,Male,Caucasian,1,1,0
25,2,Male,Caucasian,0,1,1
24,0,Female,Caucasian,0,0,0
51,1,Male,Caucasian,0,0,0
38,15,Male,African-American,0,1,1
23,5,Male,Caucasian,1,1,0
26,7,Male,African-American,0,1,1
41,7,Female,African-American,1,0,1
32,6,Male,African-American,1,1,0
31,0,Female,Caucasian,0,0,0
22,0,Female,African-American,1,0,1
37,6,Male,African-American,0,0,0
58,12,Male,Caucasian,1,0,1
60,3,Male,Caucasian,0,0,0
25,1,Female,African-American,0,0,0
25,2,Female,African-American,0,0,0
61,1,Female,Caucasian,0,0,0
36,0,Male,African-American,0,0,0
55,0,Male,African-American,1,0,1
45,1,Male,African-American,0,0,0
25,1,Male,Caucasian,0,0,0
32,14,Male,African-American,0,1,1
69,3,Male,African-American,0,0,0
40,0,Female,Other,0,0,0
20,0,Male,Caucasian,1,1,0
26,2,Male,African-American,0,0,0
38,0,Male,Hispanic,0,0,0
20,2,Male,African-American,1,1,0
53,5,Male,African-American,0,0,0
27,0,Male,Hispanic,0,0,0
26,0,Male,Caucasian,0,1,1
26,2,Male,Caucasian,0,1,1
35,1,Male,African-American,1,0,1
34,1,Male,African-American,0,0,0
27,3,Male,African-American,0,1,1
57,8,Male,African-American,1,1,0
32,0,Male,African-American,0,1,1
22,0,Male,African-American,1,0,1
26,1,Female,African-American,1,1,0
51,16,Female,African-American,0,1,1
63,0,Male,Caucasian,0,0,0
19,2,Male,African-American,1,1,0
33,2,Male,African-American,0,0,0
33,0,Male,Caucasian,0,1,1
52,3,Male,Hispanic,0,0,0
29,6,Male,Caucasian,1,1,0
58,5,Male,Caucasian,0,0,0
61,0,Male,Caucasian,0,0,0
39,0,Male,Hispanic,0,0,0
61,1,Male,Hispanic,0,0,0
30,1,Male,African-American,0,0,0
26,9,Male,Caucasian,1,0,1
31,0,Female,African-American,0,0,0
27,2,Male,African-American,1,1,0
33,1,Female,Caucasian,0,0,0
42,0,Female,Caucasian,0,0,0
22,1,Male,African-American,1,0,1
35,7,Female,African-American,1,1,0
69,22,Male,African-American,0,1,1
26,9,Male,Hispanic,1,1,0
36,1,Female,African-American,0,0,0
29,3,Female,African-American,0,0,0
32,14,Male,African-American,1,1,0
21,1,Male,Hispanic,1,1,0
50,3,Female,Caucasian,0,1,1
31,0,Male,African-American,0,0,0
26,8,Male,African-American,1,1,0
44,0,Female,Hispanic,0,0,0
45,2,Male,Caucasian,0,0,0
31,0,Male,African-American,1,1,0
28,5,Male,African-American,1,1,0
24,1,Female,African-American,0,1,1
30,19,Male,African-American,1,0,1
37,0,Female,Caucasian,0,0,0
41,0,Female,Caucasian,0,1,1
44,29,Male,African-American,1,1,0
30,1,Female,Hispanic,0,0,0
24,5,Male,Other,0,1,1
27,1,Male,African-American,0,1,1
45,1,Male,Caucasian,1,0,1
26,0,Male,Hispanic,0,1,1
24,0,Male,Other,0,0,0
30,10,Male,African-American,1,1,0
21,0,Male,Hispanic,1,1,0
23,6,Male,Other,1,1,0
59,3,Male,Caucasian,1,0,1
23,0,Female,African-American,0,0,0
30,1,Male,Caucasian,0,0,0
24,1,Male,Caucasian,1,0,1
24,5,Male,Other,0,1,1
25,10,Male,African-American,1,1,0
43,15,Male,African-American,1,1,0
35,2,Male,Caucasian,1,0,1
29,4,Male,African-American,0,1,1
26,2,Male,African-American,0,1,1
35,1,Female,African-American,0,0,0
25,1,Male,Hispanic,0,0,0
28,16,Male,African-American,1,1,0
62,15,Male,African-American,0,1,1
42,0,Male,Hispanic,0,0,0
36,0,Male,African-American,0,0,0
22,3,Male,African-American,1,0,1
56,0,Male,African-American,0,1,1
34,11,Male,African-American,1,1,0
35,12,Male,Hispanic,0,1,1
22,2,Male,Hispanic,1,0,1
24,0,Male,Other,0,0,0
56,1,Female,Caucasian,1,0,1
51,5,Male,African-American,0,0,0
40,5,Male,African-American,1,1,0
28,2,Male,African-American,1,0,1
31,2,Male,African-American,1,0,1
29,2,Male,African-American,0,0,0
21,0,Female,Hispanic,1,0,1
22,2,Male,African-American,0,1,1
32,1,Male,Hispanic,0,0,0
25,5,Male,Caucasian,1,1,0
24,2,Male,African-American,1,0,1
48,2,Female,Caucasian,0,0,0
47,11,Male,Caucasian,0,1,1
27,1,Male,Caucasian,0,0,0
49,3,Male,African-American,0,0,0
22,0,Female,Caucasian,0,0,0
32,3,Male,African-American,1,0,1
53,0,Male,Other,0,0,0
20,0,Female,Other,0,1,1
26,1,Male,African-American,0,0,0
65,0,Male,Caucasian,0,0,0
22,0,Female,Caucasian,1,0,1
50,7,Male,African-American,1,0,1
35,5,Male,African-American,1,0,1
34,21,Male,African-American,1,1,0
26,11,Male,Native American,1,0,1
30,0,Male,African-American,0,0,0
46,7,Female,African-American,0,1,1
42,17,Male,African-American,1,1,0
28,0,Male,Caucasian,1,1,0
26,2,Male,Caucasian,0,1,1
49,14,Female,African-American,1,0,1
41,13,Male,African-American,1,1,0
38,0,Female,Other,0,0,0
49,7,Male,Other,1,1,0
25,2,Male,Caucasian,1,1,0
20,0,Male,Caucasian,0,1,1
51,1,Male,Caucasian,1,0,1
57,0,Male,African-American,0,1,1
32,1,Female,Caucasian,1,1,0
32,0,Female,African-American,0,0,0
43,4,Male,African-American,1,0,1
28,5,Male,African-American,0,1,1
20,8,Male,Other,1,1,0
51,3,Male,Caucasian,0,1,1
54,12,Male,African-American,1,1,0
27,13,Male,African-American,1,1,0
24,2,Male,Caucasian,0,1,1
38,1,Male,African-American,1,0,1
38,2,Female,Caucasian,0,0,0
23,0,Female,African-American,1,0,1
29,0,Male,African-American,0,1,1
31,3,Female,Caucasian,1,1,0
26,1,Male,Hispanic,1,0,1
74,0,Female,Caucasian,0,0,0
22,3,Male,African-American,0,0,0
20,0,Male,African-American,1,0,1
47,0,Male,African-American,0,1,1
38,4,Male,Caucasian,1,0,1
54,13,Male,African-American,0,1,1
35,5,Male,African-American,0,1,1
37,24,Male,African-American,0,1,1
28,9,Male,African-American,1,1,0
54,4,Male,African-American,1,0,1
40,15,Male,African-American,1,1,0
24,1,Male,African-American,1,0,1
31,16,Male,African-American,1,1,0
26,7,Male,African-American,1,1,0
42,0,Female,Caucasian,0,1,1
28,5,Male,African-American,0,1,1
33,5,Male,African-American,1,0,1
37,0,Male,Caucasian,0,0,0
35,7,Male,African-American,1,1,0
24,17,Male,African-American,1,1,0
28,7,Male,African-American,1,1,0
30,3,Male,African-American,1,0,1
31,6,Male,Caucasian,0,0,0
39,1,Female,African-American,1,0,1
36,0,Male,African-American,1,0,1
49,3,Male,African-American,0,0,0
40,0,Male,Caucasian,0,0,0
48,2,Male,Caucasian,0,1,1
24,1,Female,African-American,0,0,0
50,0,Male,Caucasian,1,0,1
49,0,Male,Caucasian,0,0,0
41,12,Male,African-American,1,0,1
30,2,Male,African-American,0,0,0
61,0,Male,Caucasian,0,0,0
31,1,Male,Hispanic,0,0,0
48,1,Male,Caucasian,0,0,0
28,1,Male,Hispanic,0,0,0
44,4,Male,Caucasian,1,0,1
21,0,Male,African-American,0,0,0
37,11,Male,African-American,1,0,1
26,0,Male,Caucasian,0,0,0
56,3,Male,Caucasian,0,0,0
39,0,Male,Caucasian,0,0,0
23,0,Female,African-American,1,0,1
22,1,Male,African-American,1,0,1
50,5,Male,African-American,0,0,0
56,2,Male,Caucasian,0,0,0
31,0,Male,African-American,0,0,0
25,3,Male,African-American,1,1,0
31,1,Female,Caucasian,0,1,1
40,0,Female,Caucasian,0,1,1
47,3,Male,African-American,1,0,1
35,0,Male,African-American,1,0,1
33,1,Male,Caucasian,1,1,0
23,1,Male,Caucasian,0,1,1
32,0,Female,African-American,1,1,0
23,3,Male,African-American,1,1,0
31,3,Male,Other,0,0,0
21,8,Male,African-American,1,1,0
36,4,Female,African-American,0,0,0
50,0,Male,African-American,0,0,0
49,8,Female,Caucasian,0,0,0
26,0,Male,African-American,0,0,0
56,0,Male,Caucasian,0,0,0
40,11,Male,African-American,1,1,0
34,5,Male,African-American,0,0,0
24,1,Male,African-American,1,1,0
24,2,Male,Hispanic,0,0,0
46,0,Male,Caucasian,0,0,0
28,1,Male,African-American,1,1,0
37,0,Male,Other,0,1,1
30,3,Male,Caucasian,0,1,1
56,22,Male,African-American,1,1,0
40,13,Female,African-American,1,1,0
46,3,Male,African-American,0,1,1
39,0,Male,Caucasian,0,0,0
32,21,Male,African-American,1,1,0
37,0,Male,Hispanic,1,0,1
29,3,Female,Caucasian,0,0,0
54,0,Male,African-American,1,0,1
24,1,Male,Caucasian,1,1,0
43,4,Male,Caucasian,0,1,1
24,1,Male,Caucasian,0,1,1
20,0,Female,Caucasian,1,0,1
45,0,Male,Caucasian,1,0,1
21,2,Male,African-American,0,0,0
24,4,Female,African-American,1,0,1
30,1,Male,African-American,1,0,1
50,2,Male,Hispanic,0,0,0
20,1,Female,Caucasian,0,1,1
33,7,Female,Caucasian,0,1,1
49,1,Male,African-American,0,1,1
35,0,Male,Caucasian,0,0,0
36,2,Male,African-American,0,0,0
25,14,Male,African-American,1,1,0
28,5,Male,Caucasian,0,1,1
28,2,Male,African-American,0,0,0
51,0,Male,Caucasian,0,0,0
24,6,Male,African-American,1,1,0
29,2,Male,African-American,1,0,1
22,0,Male,Caucasian,1,0,1
27,0,Male,Caucasian,1,0,1
22,1,Male,African-American,0,0,0
37,11,Male,African-American,1,1,0
26,4,Male,African-American,1,1,0
24,2,Female,African-American,0,0,0
25,28,Male,African-American,1,1,0
20,1,Male,African-American,1,1,0
48,7,Male,African-American,1,1,0
56,9,Male,African-American,0,1,1
28,0,Female,Other,0,0,0
34,16,Male,African-American,1,1,0
27,3,Male,African-American,1,1,0
28,2,Male,Caucasian,0,0,0
24,1,Male,Caucasian,0,1,1
43,12,Male,Caucasian,0,1,1
27,3,Male,African-American,0,0,0
26,5,Male,African-American,0,1,1
41,6,Male,African-American,0,0,0
51,14,Male,Other,1,1,0
28,3,Male,African-American,1,1,0
47,0,Male,Caucasian,0,0,0
60,0,Male,African-American,0,0,0
28,5,Female,Caucasian,1,1,0
54,0,Male,Other,0,0,0
24,0,Male,Hispanic,1,0,1
32,3,Male,African-American,1,0,1
26,2,Female,Caucasian,1,1,0
24,2,Male,Other,1,0,1
28,5,Male,African-American,0,0,0
34,19,Male,African-American,0,1,1
47,0,Male,African-American,1,0,1
28,7,Female,Caucasian,1,1,0
47,4,Female,African-American,0,0,0
29,0,Male,African-American,0,1,1
48,1,Female,African-American,0,0,0
55,0,Female,Caucasian,1,0,1
21,1,Female,African-American,1,0,1
20,0,Male,African-American,1,0,1
20,0,Female,African-American,0,0,0
32,0,Female,Caucasian,0,1,1
30,5,Female,Caucasian,1,1,0
35,2,Male,Caucasian,0,0,0
23,4,Male,Caucasian,1,1,0
39,1,Male,African-American,1,1,0
31,0,Male,Caucasian,0,0,0
30,2,Male,Hispanic,0,1,1
63,0,Male,Caucasian,1,0,1
74,2,Male,Caucasian,0,0,0
31,1,Male,African-American,0,0,0
23,0,Male,Hispanic,1,0,1
24,12,Male,African-American,0,1,1
37,4,Male,African-American,0,0,0
60,1,Male,African-American,0,0,0
21,2,Male,African-American,1,0,1
29,0,Male,Caucasian,0,0,0
21,0,Female,African-American,0,0,0
56,5,Male,Caucasian,0,1,1
46,0,Male,Caucasian,0,0,0
49,0,Male,African-American,0,0,0
54,1,Male,Other,0,0,0
39,2,Female,Caucasian,1,1,0
31,2,Female,Caucasian,1,1,0
22,0,Male,African-American,0,1,1
27,2,Male,African-American,0,0,0
37,0,Female,Caucasian,0,0,0
22,2,Male,Caucasian,1,1,0
26,2,Male,African-American,1,0,1
19,2,Female,Caucasian,1,1,0
52,7,Male,Caucasian,0,0,0
27,6,Male,African-American,0,1,1
30,1,Male,Caucasian,1,0,1
37,6,Male,African-American,0,1,1
52,0,Male,Other,1,1,0
25,1,Male,African-American,1,0,1
20,1,Male,African-American,1,0,1
45,0,Male,African-American,1,1,0
46,9,Male,African-American,1,1,0
43,23,Male,African-American,0,0,0
29,5,Male,African-American,0,1,1
52,0,Male,Asian,0,0,0
46,4,Female,African-American,0,0,0
45,0,Male,Caucasian,0,0,0
23,1,Male,African-American,0,1,1
34,5,Female,African-American,1,0,1
64,0,Male,Caucasian,0,0,0
30,7,Male,African-American,1,1,0
27,7,Male,African-American,1,1,0
37,1,Male,Caucasian,1,0,1
37,2,Male,Hispanic,1,1,0
32,19,Male,African-American,1,1,0
50,4,Male,African-American,1,0,1
59,0,Male,Caucasian,0,0,0
27,6,Male,African-American,1,1,0
21,0,Male,African-American,1,0,1
54,0,Female,Hispanic,0,1,1
30,2,Male,Caucasian,1,0,1
30,2,Male,African-American,1,1,0
66,8,Male,African-American,1,0,1
23,2,Male,African-American,1,1,0
24,3,Male,African-American,1,1,0
29,0,Male,Caucasian,0,0,0
29,2,Male,African-American,0,0,0
59,0,Female,Caucasian,0,0,0
26,0,Female,African-American,0,0,0
60,9,Male,African-American,0,1,1
56,2,Female,Hispanic,1,0,1
30,11,Male,African-American,0,1,1
28,0,Female,African-American,1,0,1
27,1,Male,Other,0,1,1
34,4,Male,Caucasian,1,0,1
40,1,Male,African-American,1,0,1
24,0,Male,Asian,0,0,0
48,4,Male,African-American,0,0,0
32,6,Male,Caucasian,0,1,1
28,2,Male,Hispanic,1,1,0
43,0,Male,Hispanic,0,0,0
36,4,Male,African-American,0,0,0
24,0,Male,African-American,1,0,1
33,3,Male,Caucasian,0,0,0
24,2,Male,Caucasian,1,0,1
39,3,Male,Caucasian,1,0,1
23,2,Male,African-American,1,1,0
49,4,Female,Caucasian,0,0,0
24,0,Male,Caucasian,0,0,0
50,0,Male,Caucasian,0,0,0
38,5,Male,African-American,0,0,0
38,5,Male,Caucasian,1,0,1
38,0,Male,Hispanic,0,0,0
40,4,Male,Caucasian,1,0,1
21,2,Male,African-American,1,0,1
25,0,Male,African-American,0,0,0
23,3,Male,African-American,0,1,1
27,1,Male,African-American,1,0,1
52,2,Male,Caucasian,1,0,1
24,0,Male,African-American,1,0,1
57,0,Male,Caucasian,0,0,0
24,2,Male,Other,1,0,1
26,0,Male,Caucasian,0,0,0
57,10,Male,Other,1,1,0
30,11,Male,Caucasian,1,1,0
29,0,Male,African-American,0,1,1
29,7,Male,African-American,1,0,1
24,1,Male,African-American,1,0,1
25,2,Female,African-American,1,0,1
40,0,Male,African-American,0,0,0
44,0,Male,Caucasian,1,0,1
34,6,Male,African-American,1,1,0
34,2,Male,African-American,0,0,0
57,2,Male,African-American,0,1,1
23,3,Female,African-American,0,1,1
26,1,Male,African-American,1,1,0
36,8,Male,Caucasian,1,0,1
59,0,Female,Caucasian,0,0,0
52,0,Female,Other,1,0,1
33,14,Male,African-American,0,1,1
47,0,Male,African-American,0,0,0
27,5,Male,African-American,1,0,1
22,1,Male,African-American,1,0,1
32,2,Male,African-American,1,0,1
29,0,Male,Other,0,0,0
24,0,Male,Caucasian,0,0,0
30,6,Male,African-American,1,1,0
40,1,Male,Caucasian,0,0,0
28,0,Female,African-American,0,1,1
45,0,Male,African-American,0,0,0
27,2,Male,African-American,1,1,0
26,2,Male,Caucasian,0,1,1
52,6,Male,Caucasian,1,0,1
33,2,Female,African-American,0,0,0
26,6,Male,African-American,1,1,0
26,1,Female,Caucasian,0,1,1
55,2,Female,Caucasian,0,0,0
28,16,Male,Hispanic,1,1,0
24,4,Male,African-American,1,1,0
56,17,Male,Caucasian,1,1,0
31,0,Male,Hispanic,0,0,0
37,0,Male,Hispanic,0,1,1
25,0,Male,African-American,0,1,1
35,2,Male,African-American,0,0,0
32,4,Female,Caucasian,0,1,1
26,0,Male,African-American,0,1,1
58,2,Male,Caucasian,0,0,0
27,0,Female,African-American,1,0,1
36,19,Male,African-American,1,1,0
30,15,Female,African-American,1,1,0
24,1,Male,African-American,0,0,0
24,1,Male,African-American,1,0,1
32,0,Female,Hispanic,0,0,0
54,11,Male,African-American,0,1,1
20,4,Male,African-American,1,1,0
28,2,Male,Hispanic,1,0,1
43,5,Male,African-American,0,1,1
20,0,Male,Caucasian,1,1,0
32,8,Male,African-American,1,0,1
39,9,Male,Caucasian,1,1,0
30,4,Male,African-American,1,1,0
34,0,Male,Other,1,0,1
26,2,Female,African-American,1,1,0
28,8,Male,African-American,0,1,1
25,0,Female,African-American,0,0,0
38,0,Male,African-American,0,0,0
46,2,Male,African-American,1,0,1
36,2,Male,African-American,0,0,0
26,3,Male,African-American,0,1,1
47,13,Male,African-American,1,0,1
30,13,Male,Other,1,1,0
21,2,Female,African-American,0,0,0
29,1,Female,African-American,0,0,0
24,0,Male,Caucasian,0,0,0
31,19,Male,African-American,1,1,0
26,4,Male,Caucasian,1,1,0
29,0,Female,Caucasian,0,0,0
57,19,Male,African-American,0,1,1
36,12,Male,Caucasian,0,1,1
21,1,Male,African-American,0,1,1
28,0,Female,Caucasian,0,0,0
46,3,Male,African-American,1,0,1
51,0,Female,Caucasian,1,0,1
41,0,Male,Caucasian,0,0,0
68,7,Male,Caucasian,1,1,0
39,2,Male,Caucasian,0,1,1
20,0,Male,Caucasian,1,0,1
25,5,Male,Caucasian,0,1,1
29,4,Male,African-American,1,1,0
53,1,Male,Caucasian,0,1,1
27,6,Male,African-American,1,1,0
47,4,Male,African-American,1,0,1
69,5,Female,Caucasian,0,1,1
22,0,Male,African-American,1,0,1
44,0,Male,African-American,0,0,0
52,8,Female,African-American,0,1,1
32,0,Female,African-American,0,0,0
21,1,Male,African-American,1,1,0
25,2,Male,African-American,0,0,0
32,9,Male,African-American,1,1,0
26,0,Male,African-American,1,0,1
32,5,Male,Caucasian,1,1,0
31,10,Male,Caucasian,0,1,1
44,0,Male,Hispanic,1,0,1
37,4,Male,Caucasian,1,0,1
21,0,Female,African-American,0,1,1
51,8,Male,Caucasian,1,0,1
22,1,Female,Caucasian,0,0,0
50,7,Female,Caucasian,1,0,1
37,0,Male,African-American,0,0,0
64,20,Male,African-American,0,1,1
20,1,Male,Caucasian,1,1,0
27,4,Male,African-American,1,0,1
35,2,Female,African-American,0,0,0
27,0,Male,Caucasian,1,1,0
33,16,Male,African-American,1,1,0
54,2,Male,African-American,0,0,0
22,0,Male,Caucasian,1,0,1
53,1,Male,Caucasian,0,1,1
57,1,Male,African-American,1,0,1
49,0,Male,African-American,0,0,0
34,0,Male,African-American,0,0,0
49,2,Female,Caucasian,1,0,1
48,17,Female,Caucasian,0,1,1
24,3,Male,Caucasian,0,1,1
40,2,Female,African-American,0,0,0
34,0,Male,Hispanic,0,0,0
25,7,Male,African-American,1,1,0
26,1,Male,African-American,0,1,1
57,0,Male,Caucasian,0,0,0
36,1,Female,African-American,0,0,0
30,4,Male,African-American,0,1,1
50,2,Male,Caucasian,0,0,0
26,0,Male,Caucasian,1,0,1
26,7,Male,African-American,0,1,1
22,1,Male,Caucasian,1,1,0
23,0,Female,Hispanic,1,0,1
25,2,Male,Hispanic,1,1,0
26,9,Male,African-American,1,1,0
28,1,Male,Hispanic,0,0,0
42,0,Male,African-American,0,1,1
51,0,Male,African-American,0,0,0
26,3,Male,African-American,1,1,0
49,11,Male,African-American,1,0,1
22,0,Male,Caucasian,0,0,0
38,1,Male,Caucasian,1,0,1
66,0,Male,Caucasian,0,0,0
74,0,Female,African-American,0,0,0
42,3,Female,Caucasian,0,1,1
67,0,Male,Caucasian,0,0,0
32,0,Male,Caucasian,0,0,0
50,13,Male,African-American,1,1,0
31,3,Female,African-American,0,1,1
22,0,Female,Caucasian,0,0,0
22,0,Female,African-American,1,0,1
44,0,Male,Other,0,0,0
27,1,Male,African-American,1,1,0
23,0,Female,African-American,1,0,1
20,0,Female,African-American,0,0,0
32,20,Male,Hispanic,0,1,1
39,1,Female,Caucasian,0,0,0
40,0,Male,Caucasian,1,1,0
35,4,Female,Caucasian,0,1,1
21,0,Male,Hispanic,1,0,1
52,2,Male,African-American,1,1,0
45,7,Male,Caucasian,0,0,0
29,0,Male,Caucasian,0,0,0
25,1,Male,African-American,0,0,0
21,1,Female,African-American,1,1,0
30,14,Male,Hispanic,1,0,1
29,1,Male,African-American,0,1,1
25,2,Male,African-American,0,1,1
20,1,Male,African-American,1,1,0
34,1,Male,Caucasian,0,0,0
35,1,Male,Caucasian,0,1,1
44,3,Male,Caucasian,0,0,0
23,1,Female,African-American,0,0,0
71,3,Male,Caucasian,0,0,0
61,13,Male,African-American,1,1,0
23,6,Male,Hispanic,1,1,0
25,0,Male,Caucasian,1,0,1
46,15,Male,Hispanic,0,1,1
47,2,Male,Caucasian,0,1,1
31,7,Male,Caucasian,0,1,1
23,0,Male,Caucasian,0,1,1
23,0,Male,Caucasian,1,0,1
28,3,Male,Other,0,1,1
27,1,Female,Caucasian,1,0,1
39,3,Male,Caucasian,0,0,0
28,9,Male,African-American,0,1,1
32,1,Female,African-American,0,0,0
26,4,Male,African-American,0,0,0
25,2,Male,Caucasian,0,0,0
28,0,Male,African-American,0,0,0
22,13,Male,African-American,1,1,0
45,1,Male,Other,0,0,0
32,0,Male,Caucasian,1,0,1
24,1,Male,Caucasian,1,1,0
21,2,Female,Other,1,1,0
35,1,Male,African-American,0,0,0
21,4,Male,Hispanic,1,1,0
56,0,Male,Caucasian,0,0,0
35,0,Male,African-American,0,0,0
27,5,Male,African-American,1,1,0
42,0,Male,African-American,0,0,0
31,6,Male,African-American,0,0,0
21,0,Male,Caucasian,1,1,0
42,1,Male,Other,0,0,0
34,7,Male,African-American,1,0,1
54,5,Male,Hispanic,0,1,1
28,0,Male,Caucasian,0,0,0
77,1,Male,African-American,1,0,1
21,0,Male,Caucasian,1,1,0
40,3,Male,Caucasian,0,0,0
22,1,Male,Caucasian,0,0,0
40,20,Male,African-American,0,0,0
21,4,Male,African-American,1,1,0
39,0,Male,African-American,1,0,1
30,10,Male,African-American,0,1,1
25,1,Male,African-American,1,0,1
26,1,Female,African-American,0,0,0
48,3,Male,Caucasian,0,0,0
37,5,Female,Caucasian,1,1,0
24,8,Male,Hispanic,0,1,1
44,0,Male,African-American,0,1,1
29,1,Male,African-American,0,0,0
22,1,Male,African-American,1,0,1
31,4,Male,Caucasian,1,1,0
54,2,Male,Caucasian,0,0,0
24,0,Male,Hispanic,1,0,1
28,4,Male,Caucasian,0,1,1
34,16,Male,Caucasian,1,1,0
30,9,Male,African-American,1,1,0
25,1,Male,African-American,1,1,0
36,17,Male,African-American,1,1,0
42,3,Male,Caucasian,0,0,0
25,5,Male,African-American,1,1,0
25,4,Female,African-American,1,1,0
35,1,Male,African-American,0,0,0
47,1,Male,Caucasian,0,0,0
53,4,Male,African-American,0,0,0
67,3,Male,Caucasian,0,0,0
53,26,Male,African-American,1,0,1
25,3,Male,African-American,0,1,1
36,1,Female,African-American,1,0,1
24,1,Male,Caucasian,0,1,1
22,0,Male,African-American,1,1,0
20,0,Male,African-American,1,0,1
31,0,Female,African-American,1,0,1
29,1,Male,Native American,0,0,0
46,1,Female,Caucasian,1,0,1
30,9,Male,African-American,1,1,0
57,27,Male,African-American,0,0,0
41,7,Male,African-American,0,1,1
25,4,Male,African-American,1,1,0
23,0,Male,Other,1,0,1
31,1,Male,African-American,0,0,0
31,5,Male,African-American,0,1,1
20,0,Male,African-American,1,0,1
51,0,Female,Caucasian,0,0,0
25,6,Male,Caucasian,1,1,0
29,17,Male,African-American,1,1,0
35,2,Female,Caucasian,0,0,0
34,0,Male,African-American,1,0,1
22,0,Female,Hispanic,0,0,0
37,0,Male,Caucasian,0,0,0
54,2,Female,Hispanic,0,0,0
72,3,Male,Caucasian,0,0,0
22,0,Male,African-American,1,1,0
30,4,Female,Caucasian,0,1,1
61,25,Male,African-American,0,1,1
24,10,Male,African-American,1,1,0
56,4,Male,Caucasian,0,0,0
30,21,Male,African-American,1,0,1
29,0,Female,African-American,0,0,0
60,13,Male,African-American,0,1,1
31,0,Male,Hispanic,0,0,0
46,5,Male,Caucasian,0,1,1
49,0,Female,Caucasian,0,1,1
39,4,Male,African-American,0,0,0
21,0,Male,African-American,1,1,0
49,8,Male,Caucasian,1,0,1
26,9,Male,African-American,1,1,0
23,5,Male,African-American,1,1,0
66,1,Male,Caucasian,0,1,1
58,1,Male,Hispanic,0,0,0
30,1,Male,African-American,1,0,1
23,1,Female,Caucasian,0,0,0
24,6,Male,African-American,1,1,0
56,9,Male,Other,0,0,0
26,8,Male,Caucasian,0,0,0
42,1,Male,African-American,0,0,0
24,1,Female,Caucasian,0,0,0
26,13,Male,African-American,1,1,0
30,0,Male,Caucasian,0,0,0
24,0,Male,African-American,1,0,1
21,2,Male,Caucasian,0,1,1
42,1,Male,Caucasian,0,1,1
23,0,Male,Caucasian,0,0,0
36,1,Female,African-American,0,0,0
37,2,Male,African-American,1,0,1
51,19,Male,African-American,1,1,0
56,1,Male,Caucasian,0,0,0
26,5,Male,African-American,0,1,1
48,4,Female,Hispanic,1,0,1
37,23,Male,African-American,1,1,0
58,4,Male,Caucasian,1,0,1
57,1,Male,Caucasian,0,0,0
28,4,Male,African-American,1,1,0
27,2,Male,African-American,1,1,0
24,2,Male,African-American,0,0,0
26,2,Male,African-American,0,1,1
33,2,Male,Caucasian,0,0,0
36,5,Male,Caucasian,1,0,1
32,5,Male,Caucasian,1,1,0
54,6,Male,Caucasian,0,0,0
23,3,Female,Caucasian,0,1,1
21,1,Male,African-American,1,1,0
27,3,Female,African-American,1,1,0
36,4,Male,African-American,1,0,1
22,0,Female,African-American,0,0,0
38,0,Female,African-American,0,0,0
27,4,Female,African-American,1,1,0
40,2,Male,African-American,0,0,0
50,5,Male,Caucasian,1,1,0
26,6,Male,African-American,1,1,0
20,0,Male,Caucasian,0,1,1
34,13,Male,Caucasian,1,1,0
42,1,Female,African-American,0,0,0
31,1,Male,African-American,0,0,0
28,2,Male,African-American,0,1,1
27,5,Male,African-American,1,1,0
26,3,Male,Other,0,1,1
49,1,Male,Hispanic,1,0,1
21,0,Male,African-American,1,1,0
26,10,Male,African-American,1,1,0
36,0,Male,Other,0,0,0
21,1,Male,African-American,0,1,1
27,0,Female,Other,0,0,0
36,3,Male,Other,1,0,1
47,1,Male,Caucasian,0,0,0
22,0,Male,African-American,1,1,0
21,1,Male,Hispanic,1,1,0
39,1,Male,Other,1,0,1
33,3,Female,Caucasian,1,1,0
30,0,Male,Hispanic,0,0,0
36,1,Male,Caucasian,1,0,1
23,2,Male,Caucasian,0,0,0
27,2,Male,African-American,1,0,1
42,1,Male,Caucasian,0,0,0
41,9,Male,Caucasian,0,0,0
65,3,Male,Caucasian,0,1,1
52,7,Male,African-American,0,0,0
35,3,Male,Caucasian,1,0,1
22,2,Male,Caucasian,1,1,0
19,0,Male,African-American,1,1,0
30,1,Male,Hispanic,1,0,1
35,4,Male,Caucasian,1,0,1
20,2,Male,African-American,1,1,0
58,0,Male,Hispanic,0,0,0
64,1,Female,Caucasian,0,0,0
58,3,Male,Caucasian,0,0,0
33,11,Male,African-American,1,1,0
33,0,Female,African-American,0,0,0
29,2,Male,Other,1,1,0
27,2,Male,African-American,1,0,1
52,15,Male,African-American,1,0,1
21,1,Female,Caucasian,0,0,0
22,0,Male,Caucasian,0,0,0
22,1,Female,Hispanic,0,0,0
46,5,Male,Caucasian,0,1,1
21,1,Male,African-American,0,1,1
28,2,Male,Caucasian,0,1,1
37,2,Female,Other,0,0,0
32,8,Male,Caucasian,0,0,0
37,0,Female,African-American,0,0,0
46,0,Male,Caucasian,0,0,0
45,8,Male,Hispanic,0,0,0
21,4,Male,African-American,1,1,0
34,5,Male,African-American,1,0,1
29,1,Female,Caucasian,1,0,1
58,4,Female,African-American,1,0,1
29,1,Male,Caucasian,0,0,0
41,2,Female,African-American,0,0,0
37,23,Male,African-American,1,1,0
24,1,Male,African-American,1,1,0
25,21,Male,African-American,1,1,0
43,2,Male,Hispanic,1,0,1
28,1,Female,African-American,0,0,0
36,8,Male,Other,0,1,1
25,2,Male,Caucasian,0,1,1
25,2,Female,Caucasian,1,1,0
26,2,Male,African-American,1,1,0
53,0,Female,Hispanic,0,1,1
34,0,Male,Other,0,0,0
23,5,Female,Caucasian,1,1,0
21,0,Male,Caucasian,0,1,1
23,1,Male,African-American,1,1,0
53,2,Male,Caucasian,0,1,1
29,0,Male,African-American,0,0,0
37,1,Male,Caucasian,1,0,1
28,6,Female,Caucasian,1,1,0
56,2,Male,Caucasian,0,1,1
28,3,Male,African-American,1,1,0
38,1,Male,Hispanic,0,0,0
34,5,Male,Caucasian,0,0,0
38,0,Male,Hispanic,0,0,0
26,7,Male,Caucasian,0,1,1
48,4,Male,African-American,0,1,1
37,4,Male,Hispanic,0,0,0
27,9,Male,African-American,1,1,0
33,1,Male,African-American,0,0,0
21,2,Female,African-American,0,0,0
37,0,Male,Caucasian,0,0,0
26,10,Male,African-American,1,1,0
22,4,Male,African-American,0,1,1
47,1,Male,Hispanic,0,0,0
35,12,Female,African-American,0,1,1
37,6,Female,Caucasian,0,1,1
33,0,Male,Caucasian,0,1,1
47,0,Male,Caucasian,0,0,0
30,0,Female,African-American,0,1,1
36,1,Female,Other,0,0,0
23,8,Male,African-American,1,1,0
24,2,Female,African-American,1,0,1
49,2,Male,African-American,0,0,0
50,26,Male,Caucasian,1,1,0
21,1,Male,Other,0,1,1
41,5,Male,Caucasian,0,1,1
52,1,Male,Caucasian,1,1,0
30,1,Male,Hispanic,1,0,1
23,1,Female,African-American,0,0,0
34,0,Female,Caucasian,1,0,1
40,0,Male,Caucasian,1,0,1
23,5,Male,African-American,1,1,0
21,3,Female,African-American,0,1,1
51,8,Male,African-American,1,0,1
55,0,Male,Caucasian,0,0,0
20,1,Male,African-American,0,1,1
21,1,Male,Hispanic,0,1,1
25,8,Male,African-American,1,1,0
46,0,Male,Caucasian,0,0,0
22,0,Male,African-American,1,1,0
37,1,Male,Caucasian,0,0,0
23,3,Male,Hispanic,1,1,0
63,3,Male,African-American,0,1,1
41,0,Male,Other,0,0,0
32,7,Male,African-American,0,1,1
47,3,Male,Hispanic,1,0,1
20,9,Male,African-American,1,1,0
52,0,Female,Caucasian,0,0,0
29,2,Male,African-American,0,0,0
34,1,Male,Hispanic,0,0,0
33,1,Female,African-American,0,0,0
37,4,Male,Caucasian,1,1,0
41,2,Male,Caucasian,0,0,0
24,0,Female,African-American,0,0,0
21,0,Male,African-American,1,0,1
37,11,Male,Caucasian,1,1,0
59,1,Male,Hispanic,1,0,1
26,0,Male,African-American,0,0,0
27,1,Male,Caucasian,1,0,1
25,6,Male,African-American,1,1,0
26,3,Male,Caucasian,0,1,1
74,0,Male,Caucasian,0,0,0
34,3,Male,African-American,0,0,0
28,1,Male,Caucasian,0,0,0
36,9,Male,Caucasian,1,1,0
72,7,Male,Caucasian,0,0,0
43,0,Male,Caucasian,0,1,1
30,1,Male,Caucasian,1,0,1
38,8,Male,Caucasian,0,0,0
21,3,Male,African-American,1,1,0
38,16,Male,African-American,1,1,0
63,1,Female,African-American,0,0,0
21,0,Male,African-American,0,0,0
22,1,Male,African-American,1,1,0
33,3,Female,African-American,0,0,0
36,1,Male,Hispanic,1,0,1
27,0,Male,African-American,1,0,1
44,0,Female,African-American,0,0,0
20,0,Male,Other,1,0,1
59,3,Male,African-American,0,0,0
22,1,Male,Caucasian,0,0,0
23,0,Male,African-American,0,0,0
58,2,Male,Caucasian,1,0,1
58,1,Male,Caucasian,0,0,0
43,3,Female,African-American,1,0,1
38,8,Female,African-American,1,0,1
36,0,Male,African-American,0,0,0
49,0,Male,Caucasian,0,0,0
28,0,Male,Hispanic,1,0,1
27,3,Male,Caucasian,0,1,1
35,7,Male,Caucasian,1,0,1
24,0,Female,African-American,0,1,1
29,0,Male,African-American,0,1,1
19,0,Male,Other,1,1,0
25,1,Female,African-American,1,0,1
25,1,Male,African-American,0,0,0
53,1,Male,Hispanic,0,0,0
43,2,Male,African-American,0,0,0
31,2,Male,Other,1,1,0
21,0,Male,Caucasian,1,1,0
31,3,Male,Caucasian,1,0,1
29,5,Male,African-American,1,1,0
37,5,Male,Caucasian,0,0,0
26,4,Male,Caucasian,1,0,1
24,0,Male,African-American,1,0,1
47,0,Female,Hispanic,0,0,0
31,11,Male,African-American,1,1,0
28,5,Male,African-American,1,1,0
56,1,Male,African-American,0,0,0
29,7,Male,Caucasian,1,1,0
35,4,Male,Caucasian,0,0,0
22,1,Female,African-American,0,0,0
35,7,Male,African-American,0,0,0
43,8,Male,Caucasian,0,0,0
21,1,Male,Other,0,0,0
48,5,Male,African-American,1,1,0
20,1,Male,African-American,0,1,1
41,4,Male,African-American,0,0,0
51,2,Male,African-American,0,0,0
21,0,Female,African-American,0,0,0
32,6,Male,African-American,0,1,1
44,0,Male,African-American,0,0,0
22,2,Female,Hispanic,1,1,0
25,0,Female,African-American,0,0,0
34,4,Male,African-American,1,0,1
66,5,Male,African-American,1,1,0
36,9,Female,Hispanic,1,1,0
44,2,Male,Hispanic,0,0,0
44,0,Male,African-American,0,0,0
69,1,Male,African-American,1,0,1
21,0,Male,Hispanic,0,1,1
45,3,Male,Caucasian,1,1,0
35,7,Male,African-American,0,0,0
50,0,Male,Caucasian,0,0,0
22,1,Male,African-American,1,1,0
20,0,Male,Caucasian,0,0,0
55,1,Male,African-American,0,0,0
24,0,Male,Caucasian,0,0,0
50,18,Male,African-American,1,1,0
47,0,Male,Caucasian,0,0,0
39,7,Female,African-American,0,0,0
22,0,Female,African-American,1,0,1
23,3,Male,Hispanic,1,1,0
28,3,Male,Caucasian,1,1,0
36,5,Male,African-American,1,0,1
32,6,Female,African-American,1,0,1
31,1,Female,Caucasian,1,1,0
21,0,Male,Other,0,0,0
30,2,Male,Caucasian,0,1,1
26,5,Male,African-American,1,1,0
32,0,Male,African-American,0,1,1
22,1,Male,African-American,1,0,1
29,0,Female,Caucasian,0,0,0
26,9,Male,African-American,1,1,0
28,14,Male,African-American,1,1,0
55,7,Male,Caucasian,0,1,1
27,2,Female,Caucasian,0,0,0
35,6,Male,African-American,1,0,1
27,3,Male,African-American,1,1,0
23,0,Male,African-American,1,0,1
45,5,Female,Caucasian,0,1,1
60,2,Male,African-American,0,0,0
23,2,Male,African-American,0,1,1
31,0,Male,African-American,0,0,0
37,0,Male,African-American,0,0,0
21,0,Male,African-American,0,0,0
20,0,Male,African-American,1,0,1
41,0,Male,Caucasian,0,0,0
29,7,Male,African-American,0,1,1
36,14,Male,African-American,1,0,1
42,0,Male,Caucasian,0,1,1
33,5,Male,Caucasian,1,1,0
27,1,Male,African-American,0,0,0
54,6,Female,African-American,0,0,0
26,6,Male,Caucasian,0,1,1
38,9,Male,African-American,0,1,1
40,7,Female,African-American,0,0,0
29,9,Female,African-American,1,1,0
43,2,Female,African-American,1,0,1
22,0,Male,African-American,0,1,1
26,4,Female,African-American,1,1,0
24,5,Male,African-American,0,1,1
31,1,Male,African-American,0,0,0
21,1,Male,African-American,0,1,1
21,0,Female,African-American,0,0,0
27,18,Male,Caucasian,1,1,0
21,0,Female,African-American,0,0,0
65,1,Male,Caucasian,1,0,1
27,0,Male,Caucasian,1,0,1
41,0,Male,Caucasian,0,0,0
25,0,Male,African-American,0,0,0
33,4,Male,African-American,1,1,0
26,1,Male,Caucasian,0,0,0
47,2,Male,Caucasian,1,0,1
52,9,Male,African-American,1,1,0
52,0,Male,Caucasian,0,0,0
47,22,Male,African-American,1,1,0
20,0,Male,African-American,1,0,1
58,10,Male,Caucasian,0,1,1
29,0,Male,African-American,1,0,1
26,0,Female,African-American,0,0,0
37,14,Male,African-American,0,1,1
31,4,Male,African-American,0,1,1
50,1,Male,Caucasian,1,0,1
24,3,Male,African-American,1,1,0
35,7,Female,African-American,1,0,1
28,1,Male,Caucasian,1,0,1
54,1,Male,African-American,0,0,0
53,9,Male,Hispanic,1,1,0
39,1,Male,Hispanic,0,0,0
28,2,Male,African-American,0,0,0
52,1,Male,Caucasian,0,1,1
27,3,Male,Native American,0,0,0
24,0,Female,Other,0,0,0
21,0,Male,African-American,1,1,0
58,0,Male,Caucasian,0,0,0
37,1,Female,Caucasian,0,0,0
50,9,Male,African-American,0,1,1
46,0,Male,Caucasian,1,0,1
31,8,Male,African-American,1,1,0
44,0,Female,African-American,0,0,0
41,1,Male,Caucasian,0,0,0
50,1,Male,Caucasian,0,0,0
28,0,Male,Caucasian,1,1,0
22,1,Male,African-American,0,1,1
30,18,Male,African-American,1,0,1
28,21,Male,African-American,0,1,1
20,0,Male,African-American,1,1,0
56,0,Male,Other,0,0,0
31,15,Male,African-American,1,1,0
57,3,Male,Caucasian,1,1,0
29,3,Male,African-American,1,1,0
28,4,Male,African-American,0,0,0
21,2,Male,African-American,1,1,0
25,0,Male,Caucasian,0,0,0
37,12,Male,African-American,1,1,0
21,1,Male,African-American,1,0,1
27,0,Male,African-American,1,1,0
31,16,Male,African-American,1,1,0
24,0,Male,Caucasian,0,0,0
55,11,Male,Caucasian,0,1,1
27,0,Female,Caucasian,0,0,0
42,1,Male,African-American,0,0,0
35,2,Male,African-American,0,0,0
52,2,Male,African-American,0,0,0
42,4,Female,Caucasian,1,1,0
38,5,Male,Caucasian,1,0,1
40,15,Male,African-American,0,0,0
46,3,Male,African-American,1,1,0
30,3,Male,African-American,1,1,0
29,3,Male,African-American,1,1,0
51,3,Male,Caucasian,0,1,1
29,5,Male,Caucasian,0,1,1
29,10,Female,Caucasian,1,1,0
25,2,Female,Caucasian,1,0,1
56,6,Male,Other,1,0,1
25,1,Male,African-American,0,0,0
22,0,Male,Hispanic,1,0,1
25,6,Male,Hispanic,1,0,1
43,0,Female,African-American,0,1,1
59,2,Male,African-American,0,0,0
40,0,Male,African-American,0,0,0
22,11,Male,African-American,1,1,0
39,1,Male,Caucasian,0,0,0
22,3,Male,African-American,1,1,0
22,1,Male,Hispanic,1,0,1
27,0,Male,African-American,1,1,0
27,13,Male,Caucasian,1,1,0
23,2,Male,African-American,1,1,0
42,0,Male,Caucasian,0,0,0
21,2,Male,African-American,0,1,1
25,3,Male,African-American,1,1,0
20,6,Male,African-American,1,1,0
26,2,Male,African-American,0,1,1
28,3,Male,African-American,0,1,1
40,0,Male,African-American,0,0,0
24,11,Male,Hispanic,1,1,0
29,6,Male,African-American,0,1,1
61,11,Male,African-American,0,1,1
28,0,Male,African-American,1,0,1
42,0,Female,African-American,0,0,0
27,1,Male,Caucasian,1,0,1
52,3,Male,African-American,1,0,1
52,1,Male,Caucasian,0,1,1
27,6,Male,Hispanic,1,0,1
31,3,Male,Caucasian,1,1,0
46,0,Male,Caucasian,0,0,0
45,12,Male,African-American,1,0,1
34,0,Male,African-American,1,0,1
41,1,Female,Caucasian,0,0,0
38,7,Male,African-American,1,0,1
36,2,Male,African-American,0,0,0
20,0,Male,Caucasian,1,0,1
51,2,Male,African-American,0,0,0
23,2,Male,African-American,1,1,0
53,0,Male,Caucasian,0,0,0
65,2,Male,African-American,1,0,1
30,0,Male,African-American,0,1,1
45,15,Female,Native American,1,1,0
27,3,Male,African-American,0,0,0
25,1,Male,African-American,1,0,1
32,2,Female,Caucasian,0,1,1
66,0,Male,Caucasian,0,0,0
24,0,Female,Caucasian,0,0,0
32,11,Male,Caucasian,1,1,0
44,10,Female,Caucasian,1,1,0
44,0,Male,African-American,0,0,0
29,7,Male,African-American,0,1,1
28,0,Female,Caucasian,1,0,1
31,10,Female,African-American,0,1,1
22,0,Male,Caucasian,0,1,1
46,2,Male,African-American,0,0,0
54,4,Male,African-American,1,0,1
25,5,Female,Caucasian,0,0,0
25,7,Male,African-American,1,1,0
51,4,Male,African-American,0,0,0
53,1,Male,Caucasian,0,1,1
45,5,Male,Caucasian,1,0,1
19,1,Male,African-American,1,1,0
34,0,Male,African-American,1,0,1
33,4,Male,African-American,0,1,1
24,5,Male,Caucasian,1,1,0
42,13,Male,African-American,1,1,0
24,2,Male,African-American,1,1,0
46,0,Male,Caucasian,0,0,0
35,0,Male,Caucasian,1,1,0
21,2,Male,Caucasian,1,1,0
35,3,Male,African-American,1,0,1
48,3,Male,Caucasian,1,0,1
20,0,Male,Caucasian,1,1,0
27,7,Male,African-American,1,1,0
32,0,Female,Other,0,0,0
35,6,Female,African-American,1,0,1
44,4,Male,Caucasian,0,1,1
32,2,Male,African-American,0,0,0
27,0,Male,African-American,0,0,0
47,7,Male,African-American,1,0,1
32,15,Male,Caucasian,1,1,0
31,2,Male,African-American,1,1,0
46,7,Male,Caucasian,1,0,1
49,2,Male,Caucasian,0,1,1
47,0,Male,Hispanic,0,0,0
59,4,Male,African-American,0,0,0
34,5,Male,Caucasian,1,1,0
61,1,Male,Caucasian,0,0,0
29,1,Male,Hispanic,0,0,0
37,3,Male,Hispanic,1,0,1
21,4,Male,African-American,0,1,1
41,14,Male,African-American,1,0,1
28,2,Female,Caucasian,0,0,0
21,0,Male,Caucasian,1,1,0
29,0,Male,Caucasian,1,0,1
25,1,Female,African-American,0,0,0
33,0,Male,Caucasian,1,0,1
59,0,Male,Hispanic,0,0,0
39,6,Female,African-American,0,1,1
33,0,Male,Caucasian,0,1,1
31,5,Male,Other,0,0,0
38,2,Male,Other,1,0,1
32,3,Male,African-American,0,1,1
20,0,Female,Caucasian,1,1,0
33,0,Male,Caucasian,0,0,0
35,2,Female,African-American,1,0,1
24,0,Female,Caucasian,0,0,0
41,0,Male,African-American,0,0,0
21,0,Male,Other,1,1,0
26,5,Male,African-American,1,1,0
70,1,Male,Caucasian,0,0,0
46,2,Male,Caucasian,1,0,1
24,1,Male,African-American,1,1,0
31,0,Male,Other,0,0,0
26,1,Female,Caucasian,0,0,0
29,10,Male,African-American,1,1,0
41,9,Male,African-American,0,1,1
27,1,Male,African-American,0,1,1
38,14,Male,African-American,0,1,1
28,0,Female,Caucasian,0,0,0
33,0,Female,Caucasian,0,1,1
25,10,Male,African-American,1,1,0
31,0,Female,Caucasian,0,1,1
56,0,Male,African-American,0,0,0
26,0,Female,African-American,0,0,0
26,2,Male,Caucasian,1,1,0
54,0,Female,Caucasian,1,0,1
50,1,Male,Caucasian,0,0,0
34,1,Male,African-American,0,0,0
24,1,Male,Hispanic,0,0,0
53,4,Male,Caucasian,0,1,1
32,0,Male,Other,1,0,1
38,2,Male,Caucasian,0,1,1
26,7,Male,African-American,0,1,1
31,17,Male,Caucasian,1,1,0
32,1,Male,African-American,0,0,0
25,0,Male,African-American,0,0,0
53,3,Male,Caucasian,1,0,1
59,14,Male,African-American,1,1,0
38,3,Male,Hispanic,1,1,0
36,1,Male,Hispanic,0,0,0
44,0,Male,Caucasian,0,0,0
32,24,Male,African-American,1,1,0
57,2,Female,Caucasian,0,0,0
40,0,Female,Other,0,0,0
23,3,Male,African-American,1,1,0
43,9,Male,African-American,1,0,1
25,0,Male,Caucasian,0,0,0
36,4,Male,African-American,1,0,1
26,7,Male,African-American,1,1,0
32,1,Male,African-American,1,0,1
22,2,Male,African-American,1,1,0
51,1,Female,African-American,0,0,0
31,3,Male,African-American,1,0,1
39,2,Male,Caucasian,0,1,1
25,1,Male,African-American,0,0,0
36,5,Male,Caucasian,1,0,1
36,5,Male,African-American,0,1,1
24,2,Female,African-American,1,1,0
36,1,Male,Caucasian,0,0,0
28,6,Male,African-American,0,1,1
45,21,Male,Caucasian,1,1,0
22,1,Male,African-American,1,0,1
33,0,Male,Caucasian,0,1,1
20,3,Male,Hispanic,1,1,0
45,2,Male,Caucasian,0,0,0
26,4,Male,African-American,1,0,1
36,14,Male,Caucasian,1,1,0
47,1,Male,Caucasian,0,0,0
24,3,Male,African-American,1,1,0
35,5,Male,Hispanic,0,0,0
24,7,Male,African-American,1,1,0
23,2,Male,Other,0,1,1
46,3,Male,African-American,1,0,1
21,0,Male,African-American,1,0,1
41,18,Male,African-American,1,1,0
23,2,Male,African-American,1,1,0
33,8,Male,African-American,1,0,1
66,0,Male,Caucasian,0,0,0
31,5,Male,Caucasian,1,1,0
62,0,Male,Hispanic,0,0,0
68,4,Male,Caucasian,0,1,1
27,6,Female,Caucasian,0,1,1
24,3,Male,Caucasian,1,1,0
47,0,Male,Caucasian,0,0,0
54,0,Male,Caucasian,0,0,0
37,18,Male,African-American,0,1,1
30,1,Male,African-American,0,0,0
21,1,Male,African-American,1,1,0
51,1,Male,Caucasian,1,0,1
27,12,Male,African-American,1,0,1
46,6,Male,Caucasian,1,1,0
42,8,Male,Caucasian,0,1,1
56,1,Female,African-American,0,0,0
24,0,Male,African-American,0,1,1
49,0,Male,Hispanic,0,0,0
24,0,Male,Asian,0,0,0
35,12,Male,African-American,1,1,0
44,7,Male,African-American,1,0,1
52,3,Female,African-American,0,0,0
28,0,Female,African-American,0,0,0
52,1,Male,Caucasian,0,1,1
39,1,Female,Caucasian,0,0,0
27,0,Male,Caucasian,0,0,0
32,2,Male,African-American,0,1,1
27,0,Male,African-American,0,0,0
39,0,Female,Other,0,0,0
28,6,Male,Caucasian,1,0,1
19,3,Male,African-American,1,1,0
45,2,Male,Caucasian,0,0,0
29,5,Female,African-American,0,1,1
25,0,Male,Caucasian,0,0,0
20,3,Male,Other,1,1,0
36,9,Male,Caucasian,0,1,1
31,2,Male,African-American,0,0,0
23,1,Female,African-American,0,1,1
26,3,Male,Caucasian,1,1,0
56,24,Male,African-American,0,1,1
52,3,Female,African-American,0,0,0
38,4,Male,African-American,0,0,0
34,9,Male,African-American,1,1,0
28,1,Male,African-American,0,0,0
34,0,Male,Caucasian,0,1,1
36,1,Male,African-American,1,0,1
64,1,Male,Hispanic,0,0,0
25,0,Male,Caucasian,0,0,0
30,13,Male,African-American,1,1,0
40,0,Male,Caucasian,1,1,0
34,0,Male,African-American,1,0,1
62,13,Male,African-American,1,1,0
41,2,Male,Caucasian,0,0,0
33,6,Female,African-American,1,0,1
33,0,Male,Hispanic,0,0,0
31,2,Male,African-American,1,0,1
36,10,Male,African-American,1,1,0
33,1,Female,African-American,0,0,0
21,1,Female,African-American,1,1,0
43,0,Female,Caucasian,1,0,1
38,1,Male,Caucasian,0,0,0
68,6,Male,African-American,0,1,1
21,0,Female,African-American,1,0,1
24,1,Male,Hispanic,0,0,0
52,4,Male,African-American,0,1,1
27,6,Male,Caucasian,1,0,1
31,10,Male,African-American,1,1,0
50,5,Male,Caucasian,0,1,1
43,1,Male,African-American,1,0,1
26,1,Male,African-American,0,1,1
24,2,Female,African-American,0,0,0
25,4,Male,African-American,1,1,0
43,4,Male,African-American,0,1,1
26,10,Male,African-American,1,1,0
39,19,Male,African-American,1,0,1
30,4,Male,Caucasian,0,1,1
21,0,Male,African-American,1,1,0
49,8,Male,Caucasian,0,0,0
27,7,Male,African-American,1,1,0
47,1,Male,Asian,0,0,0
30,5,Male,African-American,1,1,0
20,2,Male,African-American,1,1,0
58,6,Male,African-American,0,0,0
55,0,Female,Hispanic,0,1,1
25,5,Male,Caucasian,1,0,1
29,0,Male,African-American,0,0,0
24,0,Male,African-American,0,1,1
65,0,Female,African-American,0,0,0
49,4,Male,Caucasian,1,1,0
22,0,Male,African-American,0,1,1
25,4,Male,Caucasian,1,1,0
40,5,Male,African-American,1,0,1
22,3,Male,African-American,0,0,0
23,0,Male,Caucasian,0,0,0
39,1,Male,African-American,0,0,0
22,0,Male,African-American,1,1,0
35,8,Male,Caucasian,1,1,0
31,1,Male,African-American,1,0,1
46,2,Female,Caucasian,0,1,1
49,2,Female,Caucasian,1,0,1
57,1,Male,Caucasian,0,1,1
41,3,Male,Caucasian,0,1,1
70,0,Female,Other,0,0,0
30,0,Male,African-American,0,1,1
30,7,Male,Hispanic,1,0,1
38,0,Female,Caucasian,1,0,1
31,6,Male,African-American,1,0,1
76,0,Male,Asian,0,0,0
50,24,Male,African-American,1,1,0
31,5,Male,African-American,1,1,0
31,1,Male,Caucasian,1,1,0
28,1,Male,African-American,0,0,0
26,1,Male,Hispanic,1,0,1
52,0,Female,African-American,0,0,0
58,1,Male,Caucasian,1,0,1
28,4,Male,Caucasian,1,1,0
26,0,Male,African-American,1,0,1
20,2,Male,African-American,1,1,0
21,0,Female,African-American,1,0,1
43,22,Female,Caucasian,1,1,0
33,0,Female,African-American,0,0,0
20,1,Male,African-American,1,1,0
35,2,Male,Caucasian,0,1,1
27,2,Female,African-American,0,1,1
48,2,Male,African-American,1,0,1
20,0,Male,African-American,1,1,0
41,8,Male,African-American,1,0,1
53,3,Male,African-American,0,1,1
51,1,Male,Hispanic,0,0,0
46,0,Male,Other,0,0,0
47,1,Male,African-American,0,0,0
53,1,Female,Caucasian,0,0,0
27,0,Male,African-American,0,0,0
35,2,Male,Caucasian,0,0,0
24,2,Female,African-American,1,1,0
41,0,Female,African-American,0,0,0
40,1,Male,Hispanic,0,0,0
36,0,Male,Other,0,0,0
25,8,Male,African-American,0,1,1
26,6,Male,African-American,1,1,0
33,2,Female,Caucasian,0,0,0
53,0,Male,Caucasian,0,0,0
23,2,Male,Caucasian,0,1,1
53,20,Male,African-American,0,0,0
96,2,Male,Hispanic,1,0,1
22,1,Female,African-American,0,0,0
32,1,Male,Hispanic,0,0,0
42,0,Male,Caucasian,0,0,0
38,0,Male,Caucasian,0,0,0
21,3,Male,Hispanic,0,1,1
61,10,Male,Caucasian,0,1,1
28,0,Male,Hispanic,0,0,0
41,10,Male,African-American,1,1,0
25,3,Male,African-American,1,1,0
52,2,Male,Hispanic,0,0,0
30,1,Female,African-American,1,0,1
23,0,Male,Caucasian,0,0,0
59,0,Female,African-American,0,0,0
21,1,Female,African-American,1,1,0
23,0,Male,African-American,1,0,1
27,9,Male,African-American,1,1,0
21,1,Male,Caucasian,1,0,1
23,2,Male,African-American,0,1,1
38,12,Male,Caucasian,0,1,1
34,11,Male,Caucasian,0,1,1
22,3,Male,African-American,1,1,0
26,0,Male,Caucasian,0,0,0
38,20,Female,Hispanic,1,1,0
22,1,Male,African-American,1,1,0
37,3,Male,African-American,0,0,0
21,4,Female,African-American,1,1,0
49,1,Female,Caucasian,0,0,0
58,5,Male,Caucasian,1,0,1
32,3,Male,Caucasian,0,1,1
51,7,Female,African-American,0,0,0
39,3,Male,African-American,0,0,0
48,0,Male,Caucasian,0,0,0
50,2,Male,Caucasian,0,0,0
42,0,Male,African-American,1,1,0
24,0,Female,African-American,0,0,0
23,1,Male,African-American,0,0,0
28,6,Female,African-American,1,1,0
23,1,Male,African-American,0,1,1
23,0,Male,African-American,0,0,0
32,0,Male,Caucasian,1,1,0
34,4,Male,African-American,0,1,1
55,0,Female,Caucasian,0,0,0
22,2,Female,African-American,0,0,0
22,1,Male,African-American,1,1,0
20,1,Male,African-American,1,1,0
29,1,Male,African-American,0,0,0
39,0,Male,Hispanic,1,0,1
31,0,Female,African-American,0,1,1
34,0,Female,Caucasian,0,1,1
26,3,Male,African-American,1,0,1
32,0,Female,African-American,1,0,1
31,0,Male,Other,0,0,0
32,0,Male,Caucasian,1,0,1
43,0,Female,Caucasian,0,0,0
41,0,Female,African-American,0,0,0
57,18,Male,African-American,0,1,1
22,1,Female,Caucasian,0,0,0
26,0,Male,African-American,1,1,0
33,0,Female,African-American,1,0,1
26,7,Male,African-American,1,1,0
27,0,Male,Other,0,0,0
20,0,Male,Other,1,0,1
39,1,Male,Caucasian,0,0,0
21,0,Male,Hispanic,0,1,1
59,17,Male,African-American,0,1,1
57,14,Male,Caucasian,1,1,0
21,1,Male,African-American,0,0,0
62,0,Male,Other,0,0,0
50,7,Female,African-American,0,0,0
41,1,Female,Caucasian,0,0,0
24,1,Male,Caucasian,0,1,1
50,7,Male,African-American,0,0,0
25,1,Male,African-American,0,1,1
56,1,Male,Caucasian,0,0,0
26,0,Male,Other,0,0,0
24,3,Male,African-American,0,1,1
27,1,Male,Hispanic,1,0,1
27,4,Male,African-American,1,0,1
63,0,Female,Caucasian,0,0,0
57,28,Male,African-American,1,0,1
47,1,Female,Caucasian,1,0,1
68,5,Female,African-American,0,0,0
25,11,Male,African-American,1,1,0
52,0,Female,Caucasian,0,0,0
33,6,Male,African-American,0,1,1
24,14,Male,African-American,1,1,0
43,1,Male,Hispanic,1,0,1
39,3,Male,African-American,1,0,1
25,3,Male,African-American,1,0,1
35,18,Male,African-American,1,1,0
48,0,Female,Caucasian,0,0,0
21,0,Male,African-American,1,0,1
32,9,Male,African-American,0,1,1
21,0,Male,African-American,0,1,1
40,6,Male,Caucasian,0,0,0
24,0,Female,Caucasian,0,0,0
28,1,Female,Hispanic,1,0,1
24,0,Female,Other,0,0,0
31,1,Male,African-American,0,1,1
34,0,Male,Caucasian,1,1,0
37,12,Male,African-American,1,1,0
38,8,Male,Caucasian,0,0,0
21,0,Male,Hispanic,0,0,0
29,3,Male,African-American,1,1,0
21,2,Male,African-American,1,1,0
30,14,Male,African-American,1,1,0
38,9,Male,African-American,1,0,1
27,1,Female,African-American,1,0,1
21,0,Male,African-American,0,0,0
29,6,Male,Other,1,1,0
30,4,Female,Other,1,1,0
20,0,Male,Caucasian,1,1,0
26,1,Male,African-American,0,1,1
51,0,Male,Caucasian,0,0,0
27,3,Female,African-American,1,0,1
48,0,Female,Other,0,0,0
22,1,Male,African-American,1,1,0
25,6,Male,African-American,1,1,0
20,0,Female,African-American,1,0,1
24,1,Male,African-American,1,0,1
49,3,Female,Caucasian,0,0,0
31,4,Male,African-American,1,1,0
32,15,Male,Caucasian,1,1,0
30,0,Male,Caucasian,1,0,1
29,1,Female,Caucasian,0,1,1
33,7,Male,Caucasian,1,1,0
73,0,Male,Caucasian,0,0,0
58,2,Female,Caucasian,0,0,0
29,10,Male,African-American,1,1,0
33,9,Male,Native American,1,0,1
20,0,Male,African-American,0,0,0
25,2,Female,Caucasian,1,1,0
63,2,Male,Caucasian,0,0,0
45,7,Male,African-American,0,0,0
21,0,Female,African-American,1,0,1
21,1,Male,African-American,0,0,0
21,0,Male,Caucasian,1,1,0
43,1,Male,African-American,0,0,0
31,8,Male,African-American,1,1,0
27,1,Male,Caucasian,0,0,0
29,6,Male,African-American,1,1,0
21,1,Male,African-American,0,0,0
28,3,Male,Hispanic,1,1,0
23,0,Female,African-American,0,0,0
23,0,Female,African-American,0,0,0
22,1,Female,Hispanic,0,0,0
29,9,Male,African-American,1,1,0
54,10,Male,African-American,0,1,1
22,0,Male,Caucasian,0,0,0
23,2,Female,African-American,1,1,0
37,2,Male,Caucasian,1,1,0
22,0,Male,African-American,1,1,0
24,0,Male,African-American,0,0,0
27,8,Male,Hispanic,1,0,1
23,0,Female,Other,0,0,0
27,1,Male,Hispanic,1,0,1
42,2,Male,Caucasian,0,0,0
29,6,Male,African-American,0,1,1
45,3,Male,African-American,0,1,1
52,10,Male,Hispanic,0,1,1
34,2,Male,African-American,0,0,0
23,0,Male,African-American,0,0,0
30,5,Female,Caucasian,1,1,0
25,0,Male,African-American,1,1,0
30,1,Female,Caucasian,0,0,0
22,0,Female,African-American,0,0,0
27,5,Male,African-American,1,1,0
25,3,Male,African-American,1,1,0
26,0,Male,Caucasian,0,0,0
22,0,Male,African-American,1,0,1
21,0,Female,African-American,0,0,0
22,0,Male,African-American,0,0,0
58,0,Male,Other,0,0,0
25,0,Male,African-American,0,0,0
23,2,Male,Hispanic,1,0,1
58,1,Male,African-American,0,0,0
60,13,Male,African-American,1,1,0
27,2,Male,African-American,0,1,1
21,1,Male,African-American,0,1,1
27,21,Male,African-American,1,1,0
28,5,Male,African-American,0,1,1
23,0,Female,African-American,0,0,0
31,2,Female,Caucasian,0,1,1
60,18,Male,Caucasian,1,0,1
34,12,Female,Caucasian,1,1,0
29,0,Male,African-American,0,0,0
25,0,Male,African-American,0,0,0
40,0,Male,Other,0,0,0
26,2,Male,African-American,0,1,1
44,3,Male,African-American,0,0,0
20,0,Female,Caucasian,1,1,0
32,1,Male,Hispanic,1,0,1
30,1,Male,African-American,0,1,1
22,4,Female,African-American,1,1,0
20,1,Female,African-American,0,1,1
37,1,Male,African-American,1,0,1
38,0,Female,Hispanic,0,1,1
57,0,Male,Caucasian,1,0,1
21,1,Male,African-American,0,1,1
33,0,Male,African-American,0,0,0
38,0,Male,African-American,1,1,0
37,3,Male,African-American,1,0,1
21,3,Male,Caucasian,1,1,0
36,6,Female,Other,1,1,0
50,11,Male,Caucasian,1,0,1
27,2,Male,Caucasian,1,1,0
25,0,Male,African-American,1,0,1
31,5,Male,African-American,0,0,0
30,0,Female,African-American,1,0,1
24,0,Female,Caucasian,0,1,1
25,5,Male,African-American,1,1,0
27,6,Male,African-American,1,1,0
21,1,Male,African-American,0,1,1
26,0,Male,Caucasian,0,0,0
25,2,Male,African-American,1,0,1
27,2,Male,African-American,0,0,0
21,0,Male,African-American,1,0,1
32,1,Male,Caucasian,0,1,1
21,2,Male,African-American,1,0,1
28,0,Female,African-American,0,1,1
28,7,Male,African-American,0,1,1
30,8,Male,African-American,1,1,0
40,5,Male,Caucasian,1,0,1
34,1,Male,Hispanic,0,0,0
26,0,Male,African-American,0,1,1
35,1,Male,African-American,0,0,0
22,1,Male,African-American,1,0,1
36,6,Male,Caucasian,0,0,0
20,0,Female,African-American,1,0,1
59,0,Male,Hispanic,0,0,0
57,0,Female,Caucasian,0,1,1
50,0,Male,Caucasian,0,0,0
30,1,Male,African-American,0,0,0
27,9,Male,African-American,1,1,0
37,3,Female,African-American,0,0,0
20,1,Female,African-American,1,1,0
26,2,Male,Hispanic,0,1,1
38,10,Male,Caucasian,1,1,0
61,0,Male,Caucasian,0,0,0
30,1,Male,African-American,1,0,1
51,10,Female,African-American,0,1,1
24,8,Male,African-American,1,1,0
44,0,Male,Caucasian,0,0,0
28,2,Male,African-American,0,0,0
30,0,Male,Hispanic,0,0,0
40,5,Male,Caucasian,0,0,0
25,1,Male,Caucasian,1,1,0
28,0,Male,African-American,1,0,1
44,8,Male,Caucasian,1,0,1
21,0,Female,African-American,1,0,1
39,2,Male,Caucasian,0,0,0
20,1,Male,African-American,1,1,0
26,10,Male,African-American,1,1,0
35,0,Male,Asian,0,0,0
49,3,Male,Caucasian,0,0,0
39,3,Male,Caucasian,1,0,1
61,1,Male,Caucasian,0,1,1
19,2,Male,African-American,1,1,0
60,12,Male,African-American,0,1,1
28,6,Male,African-American,1,1,0
30,0,Female,African-American,0,0,0
40,1,Male,Caucasian,0,1,1
43,1,Male,Caucasian,0,0,0
25,1,Male,African-American,0,0,0
67,3,Male,African-American,0,0,0
28,6,Male,Caucasian,0,0,0
20,0,Male,Caucasian,0,1,1
29,6,Male,African-American,1,1,0
20,0,Male,African-American,0,0,0
29,4,Male,African-American,0,1,1
20,1,Male,African-American,1,1,0
29,11,Male,African-American,1,1,0
40,7,Female,Hispanic,1,0,1
22,0,Male,African-American,0,1,1
37,8,Male,African-American,0,0,0
30,0,Male,Caucasian,1,0,1
43,13,Male,Caucasian,1,1,0
32,1,Female,Hispanic,0,0,0
53,0,Male,Caucasian,0,0,0
52,0,Male,African-American,1,1,0
33,1,Male,Caucasian,0,1,1
45,0,Male,African-American,0,0,0
28,1,Male,African-American,0,1,1
26,13,Male,African-American,1,1,0
39,1,Male,Caucasian,0,1,1
28,2,Male,Caucasian,0,1,1
30,6,Male,African-American,1,1,0
37,0,Male,African-American,0,1,1
48,12,Male,Other,0,1,1
41,17,Male,Caucasian,1,1,0
43,2,Male,Caucasian,0,0,0
27,6,Male,African-American,1,1,0
53,5,Male,African-American,0,1,1
29,7,Male,Hispanic,1,0,1
29,0,Female,African-American,1,0,1
24,2,Male,African-American,1,1,0
22,0,Male,Hispanic,1,0,1
33,0,Male,Other,0,0,0
51,6,Male,Caucasian,1,0,1
27,5,Male,African-American,1,1,0
24,0,Female,African-American,1,1,0
24,0,Male,Caucasian,0,0,0
41,3,Male,African-American,0,0,0
48,0,Male,Asian,0,0,0
24,0,Male,African-American,0,0,0
49,0,Female,Caucasian,0,0,0
25,0,Male,African-American,0,1,1
56,7,Male,Caucasian,1,0,1
37,5,Male,African-American,0,0,0
24,1,Female,African-American,0,0,0
22,5,Male,Caucasian,1,1,0
43,1,Male,African-American,1,0,1
23,3,Male,Caucasian,0,1,1
33,3,Male,Hispanic,0,0,0
54,21,Male,African-American,0,1,1
25,0,Male,African-American,1,0,1
50,30,Female,Caucasian,1,1,0
35,5,Male,Hispanic,1,1,0
33,3,Male,African-American,0,1,1
34,0,Male,Caucasian,0,0,0
49,1,Male,African-American,0,1,1
35,0,Male,Caucasian,1,0,1
26,3,Female,Caucasian,0,0,0
45,8,Male,African-American,1,0,1
41,8,Male,African-American,1,0,1
51,1,Male,African-American,1,0,1
35,1,Male,African-American,1,0,1
43,4,Male,African-American,1,1,0
30,1,Male,African-American,0,0,0
34,0,Female,Caucasian,1,1,0
29,0,Male,Caucasian,1,1,0
35,8,Male,African-American,1,1,0
30,0,Male,Caucasian,1,0,1
26,11,Male,African-American,1,1,0
49,2,Female,Caucasian,0,0,0
21,0,Male,African-American,1,1,0
39,16,Male,Caucasian,1,1,0
31,12,Male,African-American,1,1,0
41,2,Male,African-American,0,0,0
21,0,Male,African-American,0,1,1
28,3,Male,Caucasian,1,0,1
20,0,Female,Caucasian,1,1,0
36,2,Male,Hispanic,1,0,1
24,1,Male,African-American,1,1,0
29,3,Male,African-American,1,1,0
51,1,Male,Caucasian,0,0,0
25,3,Male,Caucasian,1,1,0
49,2,Male,Other,0,0,0
34,3,Male,Caucasian,1,0,1
21,1,Male,African-American,1,1,0
36,2,Female,Caucasian,0,0,0
21,0,Male,African-American,0,1,1
32,1,Male,African-American,0,0,0
51,1,Male,African-American,0,0,0
37,2,Male,Caucasian,0,0,0
23,1,Male,African-American,0,0,0
43,3,Female,Caucasian,1,1,0
23,0,Male,African-American,0,1,1
52,1,Male,Caucasian,0,1,1
37,17,Male,African-American,0,1,1
37,8,Male,African-American,0,1,1
51,0,Male,Caucasian,0,0,0
22,0,Male,Other,1,1,0
57,12,Male,Caucasian,0,1,1
23,1,Male,African-American,1,0,1
28,3,Female,African-American,0,0,0
27,1,Male,Caucasian,0,0,0
32,1,Male,Caucasian,0,0,0
37,8,Male,Caucasian,1,1,0
57,0,Male,Caucasian,0,0,0
41,0,Female,Caucasian,0,1,1
33,2,Male,African-American,1,1,0
30,9,Male,Caucasian,1,1,0
25,0,Male,Caucasian,0,0,0
50,5,Female,African-American,0,0,0
24,0,Male,Caucasian,0,0,0
37,1,Male,African-American,0,0,0
53,4,Male,Other,1,0,1
24,1,Male,African-American,1,0,1
25,7,Male,Caucasian,1,1,0
38,5,Male,Caucasian,1,0,1
36,0,Female,Caucasian,0,0,0
20,0,Male,African-American,1,0,1
32,10,Male,Caucasian,1,1,0
30,0,Male,Caucasian,0,0,0
21,1,Male,African-American,1,1,0
38,3,Male,Caucasian,0,0,0
59,0,Male,Caucasian,0,0,0
28,0,Male,Hispanic,0,0,0
43,0,Male,African-American,0,0,0
22,2,Female,African-American,0,0,0
59,1,Male,African-American,0,0,0
22,3,Male,African-American,1,1,0
42,1,Male,Other,0,0,0
41,2,Male,Hispanic,0,0,0
25,1,Female,Caucasian,1,0,1
24,1,Male,Hispanic,0,0,0
30,5,Male,Other,1,1,0
24,3,Female,African-American,1,1,0
37,0,Male,African-American,0,1,1
59,1,Male,African-American,0,0,0
23,0,Male,Other,0,0,0
41,0,Female,African-American,0,0,0
28,3,Female,Caucasian,1,1,0
35,0,Female,African-American,1,0,1
54,0,Male,Caucasian,0,0,0
31,1,Male,Caucasian,1,0,1
22,5,Male,Caucasian,1,1,0
27,0,Male,African-American,0,1,1
25,6,Male,African-American,0,1,1
39,4,Male,African-American,0,0,0
42,0,Female,African-American,1,0,1
27,3,Male,Caucasian,0,0,0
21,5,Male,Caucasian,1,1,0
23,0,Male,Caucasian,0,0,0
30,3,Male,Caucasian,1,1,0
30,9,Male,African-American,1,0,1
32,12,Male,African-American,1,1,0
36,2,Male,African-American,1,0,1
57,2,Male,African-American,0,0,0
39,1,Male,Caucasian,0,1,1
25,14,Male,African-American,1,1,0
51,3,Male,African-American,0,0,0
29,0,Male,African-American,0,0,0
29,15,Male,African-American,1,1,0
42,1,Male,Hispanic,1,0,1
48,8,Female,Caucasian,1,1,0
25,5,Male,Caucasian,1,0,1
58,10,Male,African-American,1,1,0
42,0,Female,African-American,1,0,1
34,1,Male,Caucasian,0,0,0
46,5,Male,African-American,1,0,1
41,6,Female,African-American,0,1,1
22,0,Male,African-American,1,1,0
26,0,Male,African-American,0,0,0
39,1,Male,African-American,0,0,0
38,5,Female,Caucasian,1,1,0
61,1,Male,Caucasian,1,0,1
27,9,Male,African-American,1,1,0
80,0,Male,Caucasian,0,0,0
26,0,Male,African-American,1,1,0
30,7,Male,African-American,1,1,0
20,1,Male,African-American,1,1,0
37,3,Male,Hispanic,1,1,0
47,20,Male,African-American,0,1,1
23,2,Female,Hispanic,0,1,1
38,22,Male,African-American,1,1,0
25,3,Male,Caucasian,0,1,1
37,16,Male,African-American,1,1,0
32,5,Male,African-American,0,0,0
23,0,Male,African-American,1,0,1
23,0,Male,African-American,1,0,1
39,0,Female,Caucasian,0,1,1
25,2,Male,Other,0,1,1
25,0,Female,Caucasian,1,0,1
41,7,Male,African-American,0,1,1
26,3,Male,Caucasian,0,1,1
44,2,Male,Caucasian,1,0,1
22,0,Female,African-American,0,0,0
39,10,Male,Caucasian,1,1,0
21,0,Female,Caucasian,1,0,1
25,0,Male,Caucasian,0,0,0
24,0,Female,Caucasian,0,1,1
29,8,Male,African-American,0,1,1
31,4,Male,African-American,1,1,0
37,4,Male,African-American,1,0,1
40,1,Male,Other,0,0,0
42,0,Male,African-American,1,0,1
26,10,Male,Caucasian,1,1,0
32,0,Male,Hispanic,0,0,0
22,0,Male,African-American,1,1,0
25,0,Female,Caucasian,0,0,0
27,2,Female,African-American,1,1,0
35,4,Male,African-American,0,0,0
21,0,Male,African-American,0,1,1
37,4,Male,Caucasian,1,0,1
21,1,Male,Caucasian,0,0,0
30,13,Male,Caucasian,1,1,0
26,2,Male,Caucasian,0,1,1
42,2,Female,African-American,0,0,0
49,4,Male,African-American,0,0,0
22,0,Male,Hispanic,0,0,0
26,1,Female,Caucasian,0,0,0
30,2,Male,African-American,0,0,0
50,5,Male,Asian,1,0,1
39,1,Male,African-American,0,0,0
33,0,Male,African-American,1,0,1
27,1,Male,Hispanic,0,0,0
29,0,Male,African-American,0,1,1
32,2,Male,Caucasian,1,0,1
27,4,Male,African-American,1,0,1
29,1,Male,African-American,1,0,1
33,3,Female,African-American,1,1,0
46,8,Male,African-American,1,0,1
38,0,Male,Caucasian,0,0,0
62,0,Male,Caucasian,0,0,0
36,4,Male,African-American,0,1,1
38,2,Male,Caucasian,1,0,1
26,8,Male,African-American,1,1,0
44,6,Female,African-American,0,0,0
23,0,Male,Hispanic,0,0,0
45,4,Male,African-American,0,0,0
25,2,Male,Caucasian,0,1,1
24,1,Male,Caucasian,0,0,0
50,0,Male,Hispanic,0,0,0
38,0,Male,African-American,0,0,0
29,10,Male,African-American,1,1,0
22,1,Male,African-American,0,1,1
61,0,Male,Hispanic,0,0,0
46,3,Male,African-American,1,1,0
27,1,Male,African-American,0,1,1
63,1,Female,African-American,0,0,0
21,1,Male,African-American,1,1,0
23,3,Male,African-American,1,1,0
24,5,Male,African-American,1,1,0
25,0,Female,Caucasian,0,0,0
28,5,Female,African-American,0,1,1
58,16,Male,African-American,0,1,1
20,0,Male,African-American,1,1,0
21,1,Male,African-American,1,1,0
54,2,Male,African-American,0,0,0
62,0,Male,Caucasian,0,0,0
21,1,Male,African-American,0,0,0
22,2,Male,African-American,1,0,1
36,0,Male,Caucasian,1,0,1
56,3,Male,Caucasian,0,0,0
25,2,Male,African-American,1,0,1
33,14,Male,Caucasian,0,1,1
30,0,Male,Hispanic,0,0,0
42,14,Male,African-American,1,0,1
33,17,Male,African-American,1,1,0
25,5,Male,African-American,1,0,1
23,4,Male,African-American,1,1,0
60,0,Male,Caucasian,1,0,1
30,7,Male,Caucasian,1,1,0
22,0,Male,African-American,1,1,0
48,0,Male,Caucasian,1,1,0
27,2,Female,Caucasian,1,1,0
27,0,Female,Hispanic,0,0,0
46,13,Male,Hispanic,0,1,1
21,0,Male,African-American,0,1,1
40,8,Male,Hispanic,1,0,1
25,0,Male,Caucasian,1,0,1
41,14,Male,Caucasian,1,1,0
27,2,Male,African-American,0,1,1
30,0,Male,Other,0,0,0
24,1,Male,African-American,0,0,0
31,8,Male,African-American,1,1,0
25,0,Male,Caucasian,1,0,1
23,1,Female,African-American,0,0,0
22,6,Male,African-American,0,1,1
26,1,Male,Caucasian,1,1,0
22,1,Male,Caucasian,0,1,1
40,15,Female,African-American,1,0,1
31,4,Male,Hispanic,0,1,1
37,3,Male,African-American,1,0,1
27,7,Male,African-American,1,1,0
61,12,Male,African-American,0,1,1
64,1,Male,Hispanic,0,0,0
52,0,Male,Caucasian,0,0,0
34,9,Male,African-American,0,1,1
55,0,Male,Caucasian,0,0,0
23,5,Male,Other,1,0,1
28,3,Male,African-American,1,1,0
23,1,Male,African-American,0,1,1
20,1,Male,African-American,0,1,1
36,1,Female,African-American,0,0,0
25,0,Male,African-American,0,1,1
32,0,Male,Asian,0,0,0
30,3,Male,African-American,0,1,1
35,3,Male,Hispanic,1,1,0
50,0,Male,Other,1,0,1
35,2,Male,African-American,0,0,0
36,0,Female,Caucasian,0,1,1
19,0,Female,African-American,1,0,1
23,0,Female,Caucasian,1,0,1
55,9,Male,African-American,1,0,1
21,1,Male,African-American,0,0,0
28,1,Male,Caucasian,1,0,1
27,0,Male,Hispanic,0,0,0
45,3,Female,Caucasian,0,1,1
32,2,Male,Caucasian,0,0,0
40,1,Male,African-American,0,0,0
43,8,Male,African-American,1,0,1
24,1,Male,Hispanic,1,0,1
38,3,Female,African-American,1,0,1
51,4,Male,Caucasian,0,1,1
37,9,Male,Hispanic,0,1,1
51,0,Male,Other,1,0,1
32,2,Female,African-American,0,0,0
65,1,Female,Caucasian,0,0,0
26,0,Male,African-American,0,1,1
31,0,Male,Caucasian,0,1,1
36,0,Female,African-American,0,0,0
30,0,Male,Other,0,0,0
27,6,Male,African-American,1,1,0
31,2,Male,Caucasian,1,0,1
33,0,Male,African-American,1,1,0
61,8,Female,Caucasian,1,1,0
21,1,Male,Caucasian,1,0,1
20,0,Male,Caucasian,1,1,0
27,11,Male,African-American,1,0,1
36,4,Male,Caucasian,0,1,1
23,1,Male,Caucasian,0,0,0
31,0,Male,African-American,0,0,0
26,1,Female,Other,0,0,0
23,6,Male,Caucasian,1,1,0
25,1,Female,African-American,0,0,0
34,2,Female,Caucasian,1,0,1
38,2,Male,Caucasian,0,0,0
56,4,Male,Hispanic,0,0,0
57,0,Male,Caucasian,0,1,1
56,8,Male,African-American,0,1,1
43,0,Male,African-American,1,0,1
48,10,Male,African-American,0,1,1
20,0,Male,Caucasian,0,1,1
24,11,Male,African-American,1,1,0
33,4,Male,African-American,1,1,0
25,5,Female,African-American,1,1,0
36,0,Male,Caucasian,0,0,0
32,0,Male,African-American,0,0,0
61,20,Male,African-American,1,1,0
31,2,Male,Caucasian,1,1,0
33,1,Male,Hispanic,0,0,0
30,1,Female,Caucasian,0,1,1
52,2,Male,Caucasian,0,0,0
55,0,Female,Caucasian,0,0,0
30,7,Female,African-American,1,0,1
42,0,Male,Caucasian,0,0,0
50,1,Male,African-American,0,0,0
45,1,Female,Other,0,0,0
30,3,Male,African-American,0,1,1
29,7,Male,African-American,1,1,0
52,0,Male,African-American,0,1,1
54,2,Male,Caucasian,1,1,0
40,0,Male,Hispanic,0,0,0
19,1,Female,African-American,1,1,0
25,1,Male,Caucasian,0,0,0
31,0,Male,Caucasian,0,0,0
27,1,Female,Caucasian,1,1,0
67,2,Male,Hispanic,0,0,0
51,0,Male,Caucasian,0,0,0
21,3,Male,African-American,1,1,0
21,2,Male,African-American,1,0,1
22,0,Male,African-American,0,1,1
29,3,Male,Other,0,0,0
20,2,Male,Asian,1,1,0
29,12,Male,Caucasian,1,1,0
20,2,Male,African-American,1,1,0
39,10,Female,Hispanic,1,1,0
36,2,Male,Caucasian,0,0,0
32,1,Male,Other,0,0,0
23,4,Male,African-American,1,1,0
30,3,Female,Hispanic,1,0,1
33,7,Male,African-American,1,1,0
22,1,Male,African-American,0,0,0
40,0,Female,Caucasian,0,1,1
41,3,Male,Caucasian,1,0,1
34,0,Male,Hispanic,0,0,0
26,0,Male,Hispanic,1,1,0
32,2,Male,African-American,0,1,1
37,1,Female,Caucasian,0,0,0
44,0,Male,Hispanic,1,0,1
29,3,Male,Caucasian,1,1,0
23,0,Male,African-American,0,0,0
41,8,Female,African-American,1,1,0
24,0,Male,Caucasian,0,0,0
21,1,Male,African-American,0,1,1
27,8,Male,African-American,1,1,0
23,3,Male,Caucasian,1,1,0
60,0,Male,Hispanic,0,1,1
30,5,Male,African-American,1,0,1
29,0,Male,Hispanic,1,0,1
23,2,Male,African-American,1,1,0
56,0,Male,Other,0,0,0
42,16,Female,African-American,0,1,1
46,1,Male,Caucasian,1,0,1
54,0,Male,Caucasian,0,0,0
25,0,Male,African-American,1,1,0
41,0,Male,Caucasian,0,0,0
29,6,Male,African-American,1,1,0
42,0,Male,Caucasian,0,0,0
45,1,Male,Caucasian,0,0,0
32,2,Male,African-American,0,1,1
30,8,Male,African-American,1,1,0
21,2,Female,African-American,1,1,0
42,2,Male,Caucasian,1,1,0
48,1,Male,Caucasian,1,0,1
25,0,Male,Other,1,0,1
22,0,Female,Hispanic,0,1,1
26,14,Male,African-American,1,1,0
48,0,Female,African-American,0,0,0
45,4,Female,Caucasian,0,0,0
28,2,Male,African-American,1,0,1
56,0,Male,Caucasian,1,0,1
29,0,Female,Other,0,1,1
29,7,Male,Caucasian,1,1,0
43,0,Male,African-American,0,0,0
57,3,Female,Caucasian,0,0,0
27,5,Male,Caucasian,1,0,1
53,2,Male,Caucasian,0,0,0
23,1,Male,African-American,0,0,0
43,0,Male,Caucasian,1,0,1
33,2,Female,Caucasian,1,1,0
50,15,Male,African-American,0,1,1
38,5,Male,Caucasian,1,0,1
39,1,Female,Caucasian,1,0,1
36,6,Male,Caucasian,0,0,0
25,4,Male,African-American,1,1,0
22,6,Male,Caucasian,1,1,0
46,0,Male,African-American,0,0,0
38,7,Male,African-American,0,1,1
28,0,Male,African-American,0,1,1
36,0,Male,Caucasian,0,0,0
32,17,Male,African-American,1,1,0
48,1,Male,Other,0,0,0
33,7,Male,African-American,1,1,0
30,0,Male,African-American,1,0,1
21,0,Male,African-American,1,0,1
33,2,Male,African-American,1,0,1
28,2,Male,Caucasian,1,1,0
55,12,Male,African-American,0,1,1
29,8,Male,African-American,0,1,1
45,2,Male,Caucasian,0,0,0
52,4,Male,Caucasian,1,0,1
45,0,Male,Other,0,0,0
30,2,Male,African-American,1,1,0
25,6,Male,African-American,0,1,1
22,2,Male,Caucasian,1,1,0
32,4,Male,African-American,1,1,0
51,1,Male,Asian,1,0,1
25,4,Male,African-American,1,1,0
30,4,Male,African-American,0,0,0
20,1,Male,African-American,1,1,0
22,1,Male,African-American,0,0,0
29,4,Male,African-American,0,1,1
30,5,Male,Hispanic,1,0,1
29,0,Female,Caucasian,0,0,0
30,4,Male,Caucasian,1,1,0
23,10,Male,African-American,1,1,0
24,0,Male,Caucasian,1,0,1
20,0,Female,African-American,0,0,0
25,1,Male,Hispanic,1,0,1
21,0,Male,African-American,1,1,0
43,1,Male,Caucasian,1,0,1
58,1,Male,Caucasian,0,0,0
21,1,Male,African-American,1,1,0
25,2,Male,African-American,0,0,0
26,1,Female,Hispanic,0,0,0
23,1,Male,African-American,0,1,1
58,16,Male,African-American,1,1,0
60,0,Female,Caucasian,0,0,0
44,14,Male,African-American,1,0,1
53,3,Male,Hispanic,0,0,0
29,1,Male,African-American,1,0,1
54,1,Male,Caucasian,0,1,1
44,1,Male,African-American,0,0,0
43,1,Male,African-American,0,0,0
24,1,Male,Caucasian,0,1,1
22,5,Male,African-American,1,1,0
27,2,Female,African-American,1,0,1
44,24,Male,African-American,0,0,0
44,12,Male,African-American,0,1,1
24,3,Male,African-American,1,1,0
22,2,Male,African-American,0,1,1
32,0,Female,African-American,1,1,0
35,0,Male,African-American,0,0,0
23,0,Female,Other,0,1,1
52,0,Female,Caucasian,0,0,0
51,0,Male,Caucasian,0,0,0
57,1,Male,African-American,0,0,0
27,0,Male,Caucasian,0,1,1
34,0,Male,Other,0,0,0
33,1,Female,Caucasian,1,0,1
59,0,Male,Caucasian,1,1,0
21,1,Male,African-American,0,1,1
23,3,Male,African-American,0,1,1
22,1,Male,Caucasian,0,1,1
24,1,Male,African-American,0,0,0
39,8,Female,Caucasian,1,1,0
19,3,Male,African-American,1,1,0
20,1,Male,African-American,0,1,1
24,4,Male,Asian,1,1,0
41,0,Male,Caucasian,0,0,0
27,1,Male,Hispanic,0,0,0
57,2,Male,Caucasian,0,0,0
32,6,Male,Hispanic,1,1,0
41,0,Male,African-American,0,1,1
52,6,Female,Caucasian,0,0,0
27,0,Male,Hispanic,1,0,1
20,0,Male,African-American,1,1,0
52,4,Male,African-American,0,0,0
27,1,Male,Caucasian,1,0,1
57,1,Male,Caucasian,0,0,0
69,0,Male,Hispanic,0,0,0
34,4,Male,African-American,0,1,1
38,17,Male,Caucasian,0,1,1
25,2,Male,African-American,0,0,0
41,1,Male,Caucasian,0,0,0
29,1,Female,African-American,1,0,1
35,0,Female,Hispanic,0,0,0
30,11,Female,African-American,1,1,0
30,0,Male,African-American,0,0,0
43,8,Male,Caucasian,1,1,0
24,0,Male,African-American,1,0,1
61,4,Male,Caucasian,0,1,1
36,2,Male,Other,1,0,1
29,0,Male,Caucasian,1,0,1
36,0,Male,Other,0,0,0
43,0,Female,Caucasian,0,0,0
53,2,Male,Caucasian,0,0,0
34,1,Male,African-American,0,0,0
26,20,Male,African-American,1,1,0
55,1,Male,Caucasian,0,0,0
23,1,Male,Caucasian,1,1,0
35,1,Male,African-American,0,0,0
43,4,Male,Caucasian,1,0,1
31,1,Male,Hispanic,0,0,0
41,24,Male,African-American,1,1,0
21,1,Male,Hispanic,1,1,0
40,1,Male,African-American,0,0,0
31,4,Male,Caucasian,1,1,0
58,3,Male,Caucasian,1,0,1
24,3,Male,Hispanic,1,1,0
27,0,Male,Caucasian,1,0,1
38,0,Male,Caucasian,1,1,0
21,1,Male,Caucasian,0,0,0
27,4,Male,Caucasian,0,1,1
25,1,Male,African-American,1,0,1
63,2,Male,African-American,0,0,0
26,2,Male,African-American,0,1,1
51,6,Male,Caucasian,1,0,1
34,13,Male,Caucasian,0,1,1
23,0,Male,Hispanic,0,0,0
55,27,Male,Caucasian,0,1,1
